state,week,vaccinated,fully_vaccinated
Alabama,2021-01-01,298301.0,55331.0
Alabama,2021-02-01,649745.0,313290.0
Alabama,2021-03-01,1155139.0,656899.0
Alabama,2021-04-01,1589518.0,1143488.0
Alabama,2021-05-01,0.0,0.0
Alabama,2021-06-01,1954166.0,1594625.0
Alabama,2021-07-01,2117044.0,1683584.0
Alabama,2021-08-01,2442247.0,1880276.0
Alabama,2021-09-01,2583590.0,2089852.0
Alabama,2021-10-01,2673656.0,2195532.0
Alabama,2021-11-01,2772024.0,2264466.0
Alabama,2021-12-01,0.0,0.0
Alabama,2022-01-01,3000205.0,2425057.0
Alabama,2022-02-01,3034896.0,2463410.0
Alabama,2022-03-01,3053982.0,2484171.0
Alabama,2022-04-01,3074526.0,2505234.0
Alabama,2022-05-01,3088830.0,2519536.0
Alabama,2022-06-01,0.0,0.0
Alabama,2022-07-01,0.0,0.0
Alabama,2022-08-01,3135199.0,2557143.0
Alabama,2022-09-01,0.0,0.0
Alabama,2022-10-01,0.0,0.0
Alabama,2022-11-01,3171595.0,2593348.0
Alabama,2022-12-01,0.0,0.0
Alabama,2023-01-01,0.0,0.0
Alabama,2023-02-01,0.0,0.0
Alabama,2023-03-01,0.0,0.0
Alabama,2023-04-01,0.0,0.0
Alabama,2023-05-01,3193141.0,2611593.0
Alaska,2021-01-01,94889.0,24545.0
Alaska,2021-02-01,166735.0,97554.0
Alaska,2021-03-01,248711.0,163100.0
Alaska,2021-04-01,305395.0,256564.0
Alaska,2021-05-01,0.0,0.0
Alaska,2021-06-01,358311.0,313709.0
Alaska,2021-07-01,376882.0,333092.0
Alaska,2021-08-01,396543.0,345364.0
Alaska,2021-09-01,419056.0,370114.0
Alaska,2021-10-01,434826.0,385131.0
Alaska,2021-11-01,459412.0,396688.0
Alaska,2021-12-01,0.0,0.0
Alaska,2022-01-01,0.0,0.0
Alaska,2022-02-01,501398.0,446095.0
Alaska,2022-03-01,506583.0,451313.0
Alaska,2022-04-01,510557.0,455667.0
Alaska,2022-05-01,512315.0,458720.0
Alaska,2022-06-01,0.0,0.0
Alaska,2022-07-01,0.0,0.0
Alaska,2022-08-01,523022.0,463588.0
Alaska,2022-09-01,0.0,0.0
Alaska,2022-10-01,0.0,0.0
Alaska,2022-11-01,530653.0,474042.0
Alaska,2022-12-01,0.0,0.0
Alaska,2023-01-01,0.0,0.0
Alaska,2023-02-01,0.0,0.0
Alaska,2023-03-01,0.0,0.0
Alaska,2023-04-01,0.0,0.0
Alaska,2023-05-01,535718.0,477592.0
Arizona,2021-01-01,500942.0,92666.0
Arizona,2021-02-01,1220706.0,525426.0
Arizona,2021-03-01,2157694.0,1242599.0
Arizona,2021-04-01,2960823.0,2106896.0
Arizona,2021-05-01,0.0,0.0
Arizona,2021-06-01,3607576.0,2929104.0
Arizona,2021-07-01,3862065.0,3294048.0
Arizona,2021-08-01,4126485.0,3485349.0
Arizona,2021-09-01,4315832.0,3718393.0
Arizona,2021-10-01,4459210.0,3866294.0
Arizona,2021-11-01,4680309.0,3979250.0
Arizona,2021-12-01,0.0,0.0
Arizona,2022-01-01,5105550.0,4282544.0
Arizona,2022-02-01,5202031.0,4375888.0
Arizona,2022-03-01,5259692.0,4434102.0
Arizona,2022-04-01,5315826.0,4480899.0
Arizona,2022-05-01,5359969.0,4513941.0
Arizona,2022-06-01,0.0,0.0
Arizona,2022-07-01,0.0,0.0
Arizona,2022-08-01,5493903.0,4594484.0
Arizona,2022-09-01,0.0,0.0
Arizona,2022-10-01,0.0,0.0
Arizona,2022-11-01,5579783.0,4773539.0
Arizona,2022-12-01,0.0,0.0
Arizona,2023-01-01,0.0,0.0
Arizona,2023-02-01,0.0,0.0
Arizona,2023-03-01,0.0,0.0
Arizona,2023-04-01,0.0,0.0
Arizona,2023-05-01,5704677.0,4821350.0
Arkansas,2021-01-01,244867.0,56264.0
Arkansas,2021-02-01,419502.0,227450.0
Arkansas,2021-03-01,788277.0,419462.0
Arkansas,2021-04-01,1071773.0,765888.0
Arkansas,2021-05-01,0.0,0.0
Arkansas,2021-06-01,1262602.0,1029530.0
Arkansas,2021-07-01,1412910.0,1097775.0
Arkansas,2021-08-01,1604567.0,1253068.0
Arkansas,2021-09-01,1681692.0,1375964.0
Arkansas,2021-10-01,1751741.0,1449656.0
Arkansas,2021-11-01,1824522.0,1488357.0
Arkansas,2021-12-01,0.0,0.0
Arkansas,2022-01-01,1962479.0,1591368.0
Arkansas,2022-02-01,1983830.0,1614676.0
Arkansas,2022-03-01,1996888.0,1628268.0
Arkansas,2022-04-01,2012031.0,1642377.0
Arkansas,2022-05-01,2022218.0,1651648.0
Arkansas,2022-06-01,0.0,0.0
Arkansas,2022-07-01,0.0,0.0
Arkansas,2022-08-01,2058697.0,1678024.0
Arkansas,2022-09-01,0.0,0.0
Arkansas,2022-10-01,0.0,0.0
Arkansas,2022-11-01,2094057.0,1705795.0
Arkansas,2022-12-01,0.0,0.0
Arkansas,2023-01-01,0.0,0.0
Arkansas,2023-02-01,0.0,0.0
Arkansas,2023-03-01,0.0,0.0
Arkansas,2023-04-01,0.0,0.0
Arkansas,2023-05-01,2115165.0,1720209.0
California,2021-01-01,2717530.0,558977.0
California,2021-02-01,6141765.0,2609341.0
California,2021-03-01,12120118.0,6348325.0
California,2021-04-01,19178415.0,11945441.0
California,2021-05-01,0.0,0.0
California,2021-06-01,24241875.0,19679334.0
California,2021-07-01,25611830.0,20870533.0
California,2021-08-01,27215365.0,22075470.0
California,2021-09-01,28341309.0,23302641.0
California,2021-10-01,29473427.0,24224020.0
California,2021-11-01,31147534.0,24958124.0
California,2021-12-01,0.0,0.0
California,2022-01-01,31773863.0,27298491.0
California,2022-02-01,0.0,0.0
California,2022-03-01,0.0,0.0
California,2022-04-01,0.0,0.0
California,2022-05-01,0.0,0.0
California,2022-06-01,0.0,0.0
California,2022-07-01,0.0,0.0
California,2022-08-01,0.0,0.0
California,2022-09-01,0.0,0.0
California,2022-10-01,0.0,0.0
California,2022-11-01,33194353.0,29309317.0
California,2022-12-01,0.0,0.0
California,2023-01-01,0.0,0.0
California,2023-02-01,0.0,0.0
California,2023-03-01,0.0,0.0
California,2023-04-01,0.0,0.0
California,2023-05-01,33613401.0,29588939.0
Colorado,2021-01-01,440576.0,125078.0
Colorado,2021-02-01,901484.0,461947.0
Colorado,2021-03-01,1720668.0,1008589.0
Colorado,2021-04-01,2677574.0,1856500.0
Colorado,2021-05-01,0.0,0.0
Colorado,2021-06-01,3335253.0,2984290.0
Colorado,2021-07-01,3472145.0,3134331.0
Colorado,2021-08-01,3649243.0,3278325.0
Colorado,2021-09-01,3777400.0,3419720.0
Colorado,2021-10-01,3897674.0,3549708.0
Colorado,2021-11-01,4116507.0,3642399.0
Colorado,2021-12-01,0.0,0.0
Colorado,2022-01-01,4458219.0,3928435.0
Colorado,2022-02-01,4512136.0,3986236.0
Colorado,2022-03-01,4540030.0,4016838.0
Colorado,2022-04-01,4569153.0,4043380.0
Colorado,2022-05-01,4590105.0,4062603.0
Colorado,2022-06-01,0.0,0.0
Colorado,2022-07-01,0.0,0.0
Colorado,2022-08-01,4686124.0,4122329.0
Colorado,2022-09-01,0.0,0.0
Colorado,2022-10-01,0.0,0.0
Colorado,2022-11-01,4784753.0,4206413.0
Colorado,2022-12-01,0.0,0.0
Colorado,2023-01-01,0.0,0.0
Colorado,2023-02-01,0.0,0.0
Colorado,2023-03-01,0.0,0.0
Colorado,2023-04-01,0.0,0.0
Colorado,2023-05-01,4837792.0,4248431.0
Connecticut,2021-01-01,349879.0,79511.0
Connecticut,2021-02-01,690663.0,301151.0
Connecticut,2021-03-01,1262503.0,725544.0
Connecticut,2021-04-01,1952869.0,1372774.0
Connecticut,2021-05-01,0.0,0.0
Connecticut,2021-06-01,2387807.0,2162465.0
Connecticut,2021-07-01,2491746.0,2256204.0
Connecticut,2021-08-01,2624686.0,2353097.0
Connecticut,2021-09-01,2717597.0,2449489.0
Connecticut,2021-10-01,2817384.0,2519770.0
Connecticut,2021-11-01,2997942.0,2567127.0
Connecticut,2021-12-01,0.0,0.0
Connecticut,2022-01-01,3301517.0,2731019.0
Connecticut,2022-02-01,3348118.0,2773776.0
Connecticut,2022-03-01,3373133.0,2795202.0
Connecticut,2022-04-01,3406308.0,2822897.0
Connecticut,2022-05-01,3432287.0,2844598.0
Connecticut,2022-06-01,0.0,0.0
Connecticut,2022-07-01,0.0,0.0
Connecticut,2022-08-01,3495915.0,2879932.0
Connecticut,2022-09-01,0.0,0.0
Connecticut,2022-10-01,0.0,0.0
Connecticut,2022-11-01,3614903.0,2940800.0
Connecticut,2022-12-01,0.0,0.0
Connecticut,2023-01-01,0.0,0.0
Connecticut,2023-02-01,0.0,0.0
Connecticut,2023-03-01,0.0,0.0
Connecticut,2023-04-01,0.0,0.0
Connecticut,2023-05-01,3670090.0,2967081.0
Delaware,2021-01-01,82970.0,16397.0
Delaware,2021-02-01,144139.0,69293.0
Delaware,2021-03-01,302043.0,159773.0
Delaware,2021-04-01,454621.0,316204.0
Delaware,2021-05-01,0.0,0.0
Delaware,2021-06-01,565910.0,487131.0
Delaware,2021-07-01,591094.0,513528.0
Delaware,2021-08-01,624092.0,538656.0
Delaware,2021-09-01,645849.0,561269.0
Delaware,2021-10-01,670446.0,581584.0
Delaware,2021-11-01,711525.0,599832.0
Delaware,2021-12-01,0.0,0.0
Delaware,2022-01-01,782134.0,644659.0
Delaware,2022-02-01,795787.0,657943.0
Delaware,2022-03-01,802107.0,665413.0
Delaware,2022-04-01,809202.0,672952.0
Delaware,2022-05-01,814657.0,678465.0
Delaware,2022-06-01,0.0,0.0
Delaware,2022-07-01,0.0,0.0
Delaware,2022-08-01,830782.0,690299.0
Delaware,2022-09-01,0.0,0.0
Delaware,2022-10-01,0.0,0.0
Delaware,2022-11-01,843816.0,701269.0
Delaware,2022-12-01,0.0,0.0
Delaware,2023-01-01,0.0,0.0
Delaware,2023-02-01,0.0,0.0
Delaware,2023-03-01,0.0,0.0
Delaware,2023-04-01,0.0,0.0
Delaware,2023-05-01,861811.0,715787.0
District of Columbia,2021-01-01,61737.0,18710.0
District of Columbia,2021-02-01,83668.0,40106.0
District of Columbia,2021-03-01,193796.0,97469.0
District of Columbia,2021-04-01,337803.0,210078.0
District of Columbia,2021-05-01,0.0,0.0
District of Columbia,2021-06-01,432227.0,368531.0
District of Columbia,2021-07-01,451433.0,386475.0
District of Columbia,2021-08-01,476139.0,404371.0
District of Columbia,2021-09-01,499746.0,424467.0
District of Columbia,2021-10-01,527217.0,441210.0
District of Columbia,2021-11-01,575893.0,455349.0
District of Columbia,2021-12-01,0.0,0.0
District of Columbia,2022-01-01,658106.0,494321.0
District of Columbia,2022-02-01,672059.0,504880.0
District of Columbia,2022-03-01,682748.0,514135.0
District of Columbia,2022-04-01,692989.0,523880.0
District of Columbia,2022-05-01,0.0,0.0
District of Columbia,2022-06-01,0.0,0.0
District of Columbia,2022-07-01,0.0,0.0
District of Columbia,2022-08-01,742280.0,556418.0
District of Columbia,2022-09-01,0.0,0.0
District of Columbia,2022-10-01,0.0,0.0
District of Columbia,2022-11-01,789722.0,596795.0
District of Columbia,2022-12-01,0.0,0.0
District of Columbia,2023-01-01,0.0,0.0
District of Columbia,2023-02-01,0.0,0.0
District of Columbia,2023-03-01,0.0,0.0
District of Columbia,2023-04-01,0.0,0.0
District of Columbia,2023-05-01,836680.0,644085.0
Florida,2021-01-01,1656005.0,297584.0
Florida,2021-02-01,3163425.0,1760865.0
Florida,2021-03-01,6005354.0,3384591.0
Florida,2021-04-01,8939454.0,6224705.0
Florida,2021-05-01,0.0,0.0
Florida,2021-06-01,11520560.0,9842541.0
Florida,2021-07-01,12392995.0,10497212.0
Florida,2021-08-01,13705058.0,11383472.0
Florida,2021-09-01,14377111.0,12301042.0
Florida,2021-10-01,14846690.0,12832435.0
Florida,2021-11-01,15422450.0,13184332.0
Florida,2021-12-01,0.0,0.0
Florida,2022-01-01,16582107.0,13981450.0
Florida,2022-02-01,16767428.0,14165710.0
Florida,2022-03-01,16891695.0,14271700.0
Florida,2022-04-01,17026945.0,14381008.0
Florida,2022-05-01,17124316.0,14461640.0
Florida,2022-06-01,0.0,0.0
Florida,2022-07-01,0.0,0.0
Florida,2022-08-01,17375503.0,14643957.0
Florida,2022-09-01,0.0,0.0
Florida,2022-10-01,0.0,0.0
Florida,2022-11-01,17588427.0,14823571.0
Florida,2022-12-01,0.0,0.0
Florida,2023-01-01,0.0,0.0
Florida,2023-02-01,0.0,0.0
Florida,2023-03-01,0.0,0.0
Florida,2023-04-01,0.0,0.0
Florida,2023-05-01,17810446.0,14971549.0
Georgia,2021-01-01,766875.0,119878.0
Georgia,2021-02-01,1259837.0,742880.0
Georgia,2021-03-01,2515040.0,1301323.0
Georgia,2021-04-01,3709017.0,2591190.0
Georgia,2021-05-01,0.0,0.0
Georgia,2021-06-01,4598121.0,3884556.0
Georgia,2021-07-01,4911568.0,4104779.0
Georgia,2021-08-01,5400175.0,4376696.0
Georgia,2021-09-01,5828605.0,4823331.0
Georgia,2021-10-01,6041368.0,5116398.0
Georgia,2021-11-01,0.0,0.0
Georgia,2021-12-01,0.0,0.0
Georgia,2022-01-01,6756261.0,5609293.0
Georgia,2022-02-01,6829740.0,5691391.0
Georgia,2022-03-01,6889704.0,5757080.0
Georgia,2022-04-01,6937572.0,5807696.0
Georgia,2022-05-01,6974676.0,5845608.0
Georgia,2022-06-01,0.0,0.0
Georgia,2022-07-01,0.0,0.0
Georgia,2022-08-01,7108056.0,5950885.0
Georgia,2022-09-01,0.0,0.0
Georgia,2022-10-01,0.0,0.0
Georgia,2022-11-01,7186221.0,6024977.0
Georgia,2022-12-01,0.0,0.0
Georgia,2023-01-01,0.0,0.0
Georgia,2023-02-01,0.0,0.0
Georgia,2023-03-01,0.0,0.0
Georgia,2023-04-01,0.0,0.0
Georgia,2023-05-01,7287758.0,6103647.0
Hawaii,2021-01-01,103398.0,25868.0
Hawaii,2021-02-01,248020.0,136943.0
Hawaii,2021-03-01,450539.0,268481.0
Hawaii,2021-04-01,745506.0,504812.0
Hawaii,2021-05-01,0.0,0.0
Hawaii,2021-06-01,988508.0,732461.0
Hawaii,2021-07-01,1011173.0,758152.0
Hawaii,2021-08-01,1049045.0,782302.0
Hawaii,2021-09-01,1086367.0,819498.0
Hawaii,2021-10-01,1115948.0,846793.0
Hawaii,2021-11-01,1162342.0,863884.0
Hawaii,2021-12-01,0.0,0.0
Hawaii,2022-01-01,1203493.0,1075062.0
Hawaii,2022-02-01,1221264.0,1093632.0
Hawaii,2022-03-01,1231297.0,1101128.0
Hawaii,2022-04-01,1237378.0,1107710.0
Hawaii,2022-05-01,1243044.0,1112825.0
Hawaii,2022-06-01,0.0,0.0
Hawaii,2022-07-01,0.0,0.0
Hawaii,2022-08-01,1266721.0,1128707.0
Hawaii,2022-09-01,0.0,0.0
Hawaii,2022-10-01,0.0,0.0
Hawaii,2022-11-01,1285389.0,1147239.0
Hawaii,2022-12-01,0.0,0.0
Hawaii,2023-01-01,0.0,0.0
Hawaii,2023-02-01,0.0,0.0
Hawaii,2023-03-01,0.0,0.0
Hawaii,2023-04-01,0.0,0.0
Hawaii,2023-05-01,1297884.0,1156808.0
Idaho,2021-01-01,98287.0,21636.0
Idaho,2021-02-01,256810.0,128072.0
Idaho,2021-03-01,460710.0,294187.0
Idaho,2021-04-01,605950.0,482267.0
Idaho,2021-05-01,0.0,0.0
Idaho,2021-06-01,706593.0,643991.0
Idaho,2021-07-01,735615.0,668198.0
Idaho,2021-08-01,789786.0,700251.0
Idaho,2021-09-01,840826.0,743735.0
Idaho,2021-10-01,877551.0,784884.0
Idaho,2021-11-01,906583.0,808047.0
Idaho,2021-12-01,0.0,0.0
Idaho,2022-01-01,1064670.0,933393.0
Idaho,2022-02-01,1077838.0,949268.0
Idaho,2022-03-01,1085219.0,958184.0
Idaho,2022-04-01,1091868.0,965930.0
Idaho,2022-05-01,0.0,0.0
Idaho,2022-06-01,0.0,0.0
Idaho,2022-07-01,0.0,0.0
Idaho,2022-08-01,1115892.0,985448.0
Idaho,2022-09-01,0.0,0.0
Idaho,2022-10-01,0.0,0.0
Idaho,2022-11-01,1134858.0,1003284.0
Idaho,2022-12-01,0.0,0.0
Idaho,2023-01-01,0.0,0.0
Idaho,2023-02-01,0.0,0.0
Idaho,2023-03-01,0.0,0.0
Idaho,2023-04-01,0.0,0.0
Idaho,2023-05-01,1146055.0,1012257.0
Illinois,2021-01-01,781536.0,211528.0
Illinois,2021-02-01,2004662.0,806078.0
Illinois,2021-03-01,3930026.0,2089452.0
Illinois,2021-04-01,5883255.0,3855677.0
Illinois,2021-05-01,0.0,0.0
Illinois,2021-06-01,7528743.0,5849947.0
Illinois,2021-07-01,7900903.0,6151554.0
Illinois,2021-08-01,0.0,0.0
Illinois,2021-09-01,0.0,0.0
Illinois,2021-10-01,8314126.0,7656805.0
Illinois,2021-11-01,0.0,0.0
Illinois,2021-12-01,0.0,0.0
Illinois,2022-01-01,0.0,0.0
Illinois,2022-02-01,9626954.0,8548541.0
Illinois,2022-03-01,0.0,0.0
Illinois,2022-04-01,0.0,0.0
Illinois,2022-05-01,0.0,0.0
Illinois,2022-06-01,0.0,0.0
Illinois,2022-07-01,0.0,0.0
Illinois,2022-08-01,9785971.0,8819390.0
Illinois,2022-09-01,0.0,0.0
Illinois,2022-10-01,0.0,0.0
Illinois,2022-11-01,0.0,0.0
Illinois,2022-12-01,0.0,0.0
Illinois,2023-01-01,0.0,0.0
Illinois,2023-02-01,0.0,0.0
Illinois,2023-03-01,0.0,0.0
Illinois,2023-04-01,0.0,0.0
Illinois,2023-05-01,10036899.0,9054864.0
Indiana,2021-01-01,495746.0,111233.0
Indiana,2021-02-01,1004776.0,568523.0
Indiana,2021-03-01,1701299.0,1123914.0
Indiana,2021-04-01,2423986.0,1804874.0
Indiana,2021-05-01,0.0,0.0
Indiana,2021-06-01,2999366.0,2686766.0
Indiana,2021-07-01,3180668.0,2977432.0
Indiana,2021-08-01,3376339.0,3116407.0
Indiana,2021-09-01,3516361.0,3256806.0
Indiana,2021-10-01,3620048.0,3357431.0
Indiana,2021-11-01,3748072.0,3405083.0
Indiana,2021-12-01,0.0,0.0
Indiana,2022-01-01,4038176.0,3584637.0
Indiana,2022-02-01,4085008.0,3638868.0
Indiana,2022-03-01,4111972.0,3669304.0
Indiana,2022-04-01,4135482.0,3690380.0
Indiana,2022-05-01,4156736.0,3718402.0
Indiana,2022-06-01,0.0,0.0
Indiana,2022-07-01,0.0,0.0
Indiana,2022-08-01,4252515.0,3826250.0
Indiana,2022-09-01,0.0,0.0
Indiana,2022-10-01,0.0,0.0
Indiana,2022-11-01,4308023.0,3868900.0
Indiana,2022-12-01,0.0,0.0
Indiana,2023-01-01,0.0,0.0
Indiana,2023-02-01,0.0,0.0
Indiana,2023-03-01,0.0,0.0
Indiana,2023-04-01,0.0,0.0
Indiana,2023-05-01,4350210.0,3896474.0
Iowa,2021-01-01,190689.0,58367.0
Iowa,2021-02-01,534690.0,178637.0
Iowa,2021-03-01,970567.0,610099.0
Iowa,2021-04-01,1389825.0,1066664.0
Iowa,2021-05-01,0.0,0.0
Iowa,2021-06-01,1621227.0,1513342.0
Iowa,2021-07-01,1681029.0,1565884.0
Iowa,2021-08-01,1775951.0,1632205.0
Iowa,2021-09-01,1832730.0,1702842.0
Iowa,2021-10-01,1881585.0,1752576.0
Iowa,2021-11-01,1975709.0,1790001.0
Iowa,2021-12-01,0.0,0.0
Iowa,2022-01-01,2102476.0,1904276.0
Iowa,2022-02-01,2122019.0,1927441.0
Iowa,2022-03-01,2133684.0,1941797.0
Iowa,2022-04-01,2143331.0,1954205.0
Iowa,2022-05-01,2151041.0,1962868.0
Iowa,2022-06-01,0.0,0.0
Iowa,2022-07-01,0.0,0.0
Iowa,2022-08-01,2182930.0,1986231.0
Iowa,2022-09-01,0.0,0.0
Iowa,2022-10-01,0.0,0.0
Iowa,2022-11-01,2215894.0,2018502.0
Iowa,2022-12-01,0.0,0.0
Iowa,2023-01-01,0.0,0.0
Iowa,2023-02-01,0.0,0.0
Iowa,2023-03-01,0.0,0.0
Iowa,2023-04-01,0.0,0.0
Iowa,2023-05-01,2235485.0,2036465.0
Kansas,2021-01-01,180156.0,39753.0
Kansas,2021-02-01,430237.0,209331.0
Kansas,2021-03-01,873196.0,491016.0
Kansas,2021-04-01,1238463.0,916534.0
Kansas,2021-05-01,0.0,0.0
Kansas,2021-06-01,1431086.0,1220611.0
Kansas,2021-07-01,1553668.0,1317263.0
Kansas,2021-08-01,1669999.0,1405739.0
Kansas,2021-09-01,1745045.0,1490136.0
Kansas,2021-10-01,1822866.0,1550938.0
Kansas,2021-11-01,1929195.0,1592112.0
Kansas,2021-12-01,0.0,0.0
Kansas,2022-01-01,2112035.0,1721681.0
Kansas,2022-02-01,0.0,0.0
Kansas,2022-03-01,0.0,0.0
Kansas,2022-04-01,0.0,0.0
Kansas,2022-05-01,0.0,0.0
Kansas,2022-06-01,0.0,0.0
Kansas,2022-07-01,0.0,0.0
Kansas,2022-08-01,2160689.0,1845074.0
Kansas,2022-09-01,0.0,0.0
Kansas,2022-10-01,0.0,0.0
Kansas,2022-11-01,2202250.0,1887066.0
Kansas,2022-12-01,0.0,0.0
Kansas,2023-01-01,0.0,0.0
Kansas,2023-02-01,0.0,0.0
Kansas,2023-03-01,0.0,0.0
Kansas,2023-04-01,0.0,0.0
Kansas,2023-05-01,2229631.0,1909898.0
Kentucky,2021-01-01,337738.0,64890.0
Kentucky,2021-02-01,696591.0,348731.0
Kentucky,2021-03-01,1386294.0,775208.0
Kentucky,2021-04-01,1834755.0,1420964.0
Kentucky,2021-05-01,0.0,0.0
Kentucky,2021-06-01,2209793.0,1942407.0
Kentucky,2021-07-01,2326881.0,2035457.0
Kentucky,2021-08-01,2548422.0,2167598.0
Kentucky,2021-09-01,0.0,0.0
Kentucky,2021-10-01,2569056.0,2265793.0
Kentucky,2021-11-01,2691894.0,2328897.0
Kentucky,2021-12-01,0.0,0.0
Kentucky,2022-01-01,2887864.0,2487984.0
Kentucky,2022-02-01,2917074.0,2521479.0
Kentucky,2022-03-01,2938874.0,2546322.0
Kentucky,2022-04-01,2954747.0,2563070.0
Kentucky,2022-05-01,2967842.0,2575798.0
Kentucky,2022-06-01,0.0,0.0
Kentucky,2022-07-01,0.0,0.0
Kentucky,2022-08-01,3013156.0,2609230.0
Kentucky,2022-09-01,0.0,0.0
Kentucky,2022-10-01,0.0,0.0
Kentucky,2022-11-01,3056833.0,2647830.0
Kentucky,2022-12-01,0.0,0.0
Kentucky,2023-01-01,0.0,0.0
Kentucky,2023-02-01,0.0,0.0
Kentucky,2023-03-01,0.0,0.0
Kentucky,2023-04-01,0.0,0.0
Kentucky,2023-05-01,3086324.0,2669260.0
Louisiana,2021-01-01,369486.0,73436.0
Louisiana,2021-02-01,664121.0,374818.0
Louisiana,2021-03-01,1219539.0,758829.0
Louisiana,2021-04-01,1498488.0,1237494.0
Louisiana,2021-05-01,0.0,0.0
Louisiana,2021-06-01,1770559.0,1607808.0
Louisiana,2021-07-01,1973114.0,1716556.0
Louisiana,2021-08-01,2299546.0,1926190.0
Louisiana,2021-09-01,2405098.0,2111741.0
Louisiana,2021-10-01,2505901.0,2218162.0
Louisiana,2021-11-01,2583849.0,2272670.0
Louisiana,2021-12-01,0.0,0.0
Louisiana,2022-01-01,2765778.0,2407946.0
Louisiana,2022-02-01,2796404.0,2443789.0
Louisiana,2022-03-01,2821391.0,2472079.0
Louisiana,2022-04-01,2835372.0,2485971.0
Louisiana,2022-05-01,2847539.0,2497149.0
Louisiana,2022-06-01,0.0,0.0
Louisiana,2022-07-01,0.0,0.0
Louisiana,2022-08-01,2884018.0,2526855.0
Louisiana,2022-09-01,0.0,0.0
Louisiana,2022-10-01,0.0,0.0
Louisiana,2022-11-01,2907783.0,2548787.0
Louisiana,2022-12-01,0.0,0.0
Louisiana,2023-01-01,0.0,0.0
Louisiana,2023-02-01,0.0,0.0
Louisiana,2023-03-01,0.0,0.0
Louisiana,2023-04-01,0.0,0.0
Louisiana,2023-05-01,2924163.0,2561641.0
Maine,2021-01-01,105665.0,33121.0
Maine,2021-02-01,227707.0,108688.0
Maine,2021-03-01,461705.0,264659.0
Maine,2021-04-01,734290.0,528743.0
Maine,2021-05-01,0.0,0.0
Maine,2021-06-01,891207.0,819500.0
Maine,2021-07-01,919882.0,853795.0
Maine,2021-08-01,962221.0,885005.0
Maine,2021-09-01,996340.0,921333.0
Maine,2021-10-01,1030878.0,948503.0
Maine,2021-11-01,1102535.0,971808.0
Maine,2021-12-01,0.0,0.0
Maine,2022-01-01,1190382.0,1042154.0
Maine,2022-02-01,1197905.0,1053033.0
Maine,2022-03-01,1203598.0,1059244.0
Maine,2022-04-01,1215470.0,1069169.0
Maine,2022-05-01,1226118.0,1076629.0
Maine,2022-06-01,0.0,0.0
Maine,2022-07-01,0.0,0.0
Maine,2022-08-01,1253105.0,1092080.0
Maine,2022-09-01,0.0,0.0
Maine,2022-10-01,0.0,0.0
Maine,2022-11-01,1294980.0,1111518.0
Maine,2022-12-01,0.0,0.0
Maine,2023-01-01,0.0,0.0
Maine,2023-02-01,0.0,0.0
Maine,2023-03-01,0.0,0.0
Maine,2023-04-01,0.0,0.0
Maine,2023-05-01,1315892.0,1124112.0
Maryland,2021-01-01,422218.0,82743.0
Maryland,2021-02-01,884208.0,487671.0
Maryland,2021-03-01,1884069.0,1039090.0
Maryland,2021-04-01,2933421.0,2065479.0
Maryland,2021-05-01,0.0,0.0
Maryland,2021-06-01,3743499.0,3385600.0
Maryland,2021-07-01,3914288.0,3559190.0
Maryland,2021-08-01,4121914.0,3717170.0
Maryland,2021-09-01,4271866.0,3876526.0
Maryland,2021-10-01,0.0,0.0
Maryland,2021-11-01,4651829.0,4084425.0
Maryland,2021-12-01,0.0,0.0
Maryland,2022-01-01,5059195.0,4390178.0
Maryland,2022-02-01,5134205.0,4478738.0
Maryland,2022-03-01,5185044.0,4530532.0
Maryland,2022-04-01,5226682.0,4571786.0
Maryland,2022-05-01,5258141.0,4601568.0
Maryland,2022-06-01,0.0,0.0
Maryland,2022-07-01,0.0,0.0
Maryland,2022-08-01,5375064.0,4674828.0
Maryland,2022-09-01,0.0,0.0
Maryland,2022-10-01,0.0,0.0
Maryland,2022-11-01,5496616.0,4780793.0
Maryland,2022-12-01,0.0,0.0
Maryland,2023-01-01,0.0,0.0
Maryland,2023-02-01,0.0,0.0
Maryland,2023-03-01,0.0,0.0
Maryland,2023-04-01,0.0,0.0
Maryland,2023-05-01,5566178.0,4835390.0
Massachusetts,2021-01-01,461408.0,116315.0
Massachusetts,2021-02-01,1220455.0,496356.0
Massachusetts,2021-03-01,2362261.0,1307031.0
Massachusetts,2021-04-01,3858300.0,2506657.0
Massachusetts,2021-05-01,0.0,0.0
Massachusetts,2021-06-01,4850685.0,4243952.0
Massachusetts,2021-07-01,5007226.0,4406452.0
Massachusetts,2021-08-01,5191538.0,4546662.0
Massachusetts,2021-09-01,5337723.0,4679810.0
Massachusetts,2021-10-01,5531884.0,4803060.0
Massachusetts,2021-11-01,5912695.0,4906398.0
Massachusetts,2021-12-01,0.0,0.0
Massachusetts,2022-01-01,6536853.0,5264354.0
Massachusetts,2022-02-01,6629277.0,5347123.0
Massachusetts,2022-03-01,6701415.0,5387612.0
Massachusetts,2022-04-01,6766768.0,5441750.0
Massachusetts,2022-05-01,6828021.0,5487218.0
Massachusetts,2022-06-01,0.0,0.0
Massachusetts,2022-07-01,0.0,0.0
Massachusetts,2022-08-01,6982383.0,5570460.0
Massachusetts,2022-09-01,0.0,0.0
Massachusetts,2022-10-01,0.0,0.0
Massachusetts,2022-11-01,7251960.0,5745957.0
Massachusetts,2022-12-01,0.0,0.0
Massachusetts,2023-01-01,0.0,0.0
Massachusetts,2023-02-01,0.0,0.0
Massachusetts,2023-03-01,0.0,0.0
Massachusetts,2023-04-01,0.0,0.0
Massachusetts,2023-05-01,7393770.0,5825021.0
Michigan,2021-01-01,772944.0,190777.0
Michigan,2021-02-01,1491316.0,842942.0
Michigan,2021-03-01,2858070.0,1693046.0
Michigan,2021-04-01,4253463.0,3180171.0
Michigan,2021-05-01,0.0,0.0
Michigan,2021-06-01,5136486.0,4701047.0
Michigan,2021-07-01,5305202.0,4878436.0
Michigan,2021-08-01,5516637.0,5043602.0
Michigan,2021-09-01,5691822.0,5221120.0
Michigan,2021-10-01,5819440.0,5346511.0
Michigan,2021-11-01,6115092.0,5451997.0
Michigan,2021-12-01,0.0,0.0
Michigan,2022-01-01,6509768.0,5812209.0
Michigan,2022-02-01,0.0,0.0
Michigan,2022-03-01,6653096.0,5967627.0
Michigan,2022-04-01,6685773.0,6005191.0
Michigan,2022-05-01,6714874.0,6036495.0
Michigan,2022-06-01,0.0,0.0
Michigan,2022-07-01,0.0,0.0
Michigan,2022-08-01,6800483.0,6102952.0
Michigan,2022-09-01,0.0,0.0
Michigan,2022-10-01,0.0,0.0
Michigan,2022-11-01,6898929.0,6193737.0
Michigan,2022-12-01,0.0,0.0
Michigan,2023-01-01,0.0,0.0
Michigan,2023-02-01,0.0,0.0
Michigan,2023-03-01,0.0,0.0
Michigan,2023-04-01,0.0,0.0
Michigan,2023-05-01,6979192.0,6254485.0
Minnesota,2021-01-01,402715.0,114255.0
Minnesota,2021-02-01,941537.0,455544.0
Minnesota,2021-03-01,1774794.0,1060778.0
Minnesota,2021-04-01,2646741.0,1926862.0
Minnesota,2021-05-01,0.0,0.0
Minnesota,2021-06-01,3212409.0,2920597.0
Minnesota,2021-07-01,3320251.0,3033637.0
Minnesota,2021-08-01,3484576.0,3151965.0
Minnesota,2021-09-01,3582858.0,3280065.0
Minnesota,2021-10-01,3677877.0,3378302.0
Minnesota,2021-11-01,3893070.0,3523534.0
Minnesota,2021-12-01,0.0,0.0
Minnesota,2022-01-01,4147512.0,3782674.0
Minnesota,2022-02-01,4192607.0,3848121.0
Minnesota,2022-03-01,4213262.0,3876632.0
Minnesota,2022-04-01,4232934.0,3899291.0
Minnesota,2022-05-01,4251228.0,3918053.0
Minnesota,2022-06-01,0.0,0.0
Minnesota,2022-07-01,0.0,0.0
Minnesota,2022-08-01,4328637.0,3967592.0
Minnesota,2022-09-01,0.0,0.0
Minnesota,2022-10-01,0.0,0.0
Minnesota,2022-11-01,4410896.0,4040479.0
Minnesota,2022-12-01,0.0,0.0
Minnesota,2023-01-01,0.0,0.0
Minnesota,2023-02-01,0.0,0.0
Minnesota,2023-03-01,0.0,0.0
Minnesota,2023-04-01,0.0,0.0
Minnesota,2023-05-01,4461994.0,4082263.0
Mississippi,2021-01-01,211689.0,24455.0
Mississippi,2021-02-01,413930.0,210798.0
Mississippi,2021-03-01,734671.0,450944.0
Mississippi,2021-04-01,925448.0,707684.0
Mississippi,2021-05-01,0.0,0.0
Mississippi,2021-06-01,1077045.0,885782.0
Mississippi,2021-07-01,1183439.0,1026837.0
Mississippi,2021-08-01,1378791.0,1123181.0
Mississippi,2021-09-01,1493169.0,1294972.0
Mississippi,2021-10-01,1548748.0,1359519.0
Mississippi,2021-11-01,1598535.0,1395862.0
Mississippi,2021-12-01,0.0,0.0
Mississippi,2022-01-01,1726984.0,1488070.0
Mississippi,2022-02-01,1749314.0,1514990.0
Mississippi,2022-03-01,1762960.0,1531437.0
Mississippi,2022-04-01,1773208.0,1542003.0
Mississippi,2022-05-01,1781439.0,1549549.0
Mississippi,2022-06-01,0.0,0.0
Mississippi,2022-07-01,0.0,0.0
Mississippi,2022-08-01,1811293.0,1576362.0
Mississippi,2022-09-01,0.0,0.0
Mississippi,2022-10-01,0.0,0.0
Mississippi,2022-11-01,1826743.0,1591245.0
Mississippi,2022-12-01,0.0,0.0
Mississippi,2023-01-01,0.0,0.0
Mississippi,2023-02-01,0.0,0.0
Mississippi,2023-03-01,0.0,0.0
Mississippi,2023-04-01,0.0,0.0
Mississippi,2023-05-01,1839306.0,1600364.0
Missouri,2021-01-01,340708.0,100237.0
Missouri,2021-02-01,807368.0,412856.0
Missouri,2021-03-01,1568169.0,924402.0
Missouri,2021-04-01,2310678.0,1680768.0
Missouri,2021-05-01,0.0,0.0
Missouri,2021-06-01,2754863.0,2397550.0
Missouri,2021-07-01,3002816.0,2541006.0
Missouri,2021-08-01,3232987.0,2765619.0
Missouri,2021-09-01,3366091.0,2941505.0
Missouri,2021-10-01,3494342.0,3057925.0
Missouri,2021-11-01,3665290.0,3126000.0
Missouri,2021-12-01,0.0,0.0
Missouri,2022-01-01,3968606.0,3337761.0
Missouri,2022-02-01,4009874.0,3381845.0
Missouri,2022-03-01,4037420.0,3411127.0
Missouri,2022-04-01,4061446.0,3440032.0
Missouri,2022-05-01,4079785.0,3460127.0
Missouri,2022-06-01,0.0,0.0
Missouri,2022-07-01,0.0,0.0
Missouri,2022-08-01,4150708.0,3516750.0
Missouri,2022-09-01,0.0,0.0
Missouri,2022-10-01,0.0,0.0
Missouri,2022-11-01,4225677.0,3596556.0
Missouri,2022-12-01,0.0,0.0
Missouri,2023-01-01,0.0,0.0
Missouri,2023-02-01,0.0,0.0
Missouri,2023-03-01,0.0,0.0
Missouri,2023-04-01,0.0,0.0
Missouri,2023-05-01,4269469.0,3634453.0
Montana,2021-01-01,79584.0,24885.0
Montana,2021-02-01,188782.0,92720.0
Montana,2021-03-01,327448.0,205138.0
Montana,2021-04-01,435149.0,342212.0
Montana,2021-05-01,0.0,0.0
Montana,2021-06-01,510201.0,458067.0
Montana,2021-07-01,528786.0,473831.0
Montana,2021-08-01,558019.0,491634.0
Montana,2021-09-01,585489.0,518303.0
Montana,2021-10-01,608160.0,539588.0
Montana,2021-11-01,638911.0,554307.0
Montana,2021-12-01,0.0,0.0
Montana,2022-01-01,681469.0,590461.0
Montana,2022-02-01,689173.0,597825.0
Montana,2022-03-01,693281.0,602765.0
Montana,2022-04-01,696821.0,606290.0
Montana,2022-05-01,700293.0,609652.0
Montana,2022-06-01,0.0,0.0
Montana,2022-07-01,0.0,0.0
Montana,2022-08-01,711290.0,618143.0
Montana,2022-09-01,0.0,0.0
Montana,2022-10-01,0.0,0.0
Montana,2022-11-01,724377.0,628436.0
Montana,2022-12-01,0.0,0.0
Montana,2023-01-01,0.0,0.0
Montana,2023-02-01,0.0,0.0
Montana,2023-03-01,0.0,0.0
Montana,2023-04-01,0.0,0.0
Montana,2023-05-01,731323.0,633531.0
Nebraska,2021-01-01,133002.0,43712.0
Nebraska,2021-02-01,309977.0,158802.0
Nebraska,2021-03-01,595579.0,361958.0
Nebraska,2021-04-01,833481.0,626635.0
Nebraska,2021-05-01,0.0,0.0
Nebraska,2021-06-01,1001013.0,922579.0
Nebraska,2021-07-01,1042509.0,957498.0
Nebraska,2021-08-01,1111851.0,1006914.0
Nebraska,2021-09-01,1149181.0,1057562.0
Nebraska,2021-10-01,1179830.0,1087821.0
Nebraska,2021-11-01,1240506.0,1110485.0
Nebraska,2021-12-01,0.0,0.0
Nebraska,2022-01-01,1326746.0,1189070.0
Nebraska,2022-02-01,1341786.0,1208428.0
Nebraska,2022-03-01,1352266.0,1221452.0
Nebraska,2022-04-01,1359466.0,1229754.0
Nebraska,2022-05-01,1364085.0,1234433.0
Nebraska,2022-06-01,0.0,0.0
Nebraska,2022-07-01,0.0,0.0
Nebraska,2022-08-01,1387448.0,1252003.0
Nebraska,2022-09-01,0.0,0.0
Nebraska,2022-10-01,0.0,0.0
Nebraska,2022-11-01,1410374.0,1273360.0
Nebraska,2022-12-01,0.0,0.0
Nebraska,2023-01-01,0.0,0.0
Nebraska,2023-02-01,0.0,0.0
Nebraska,2023-03-01,0.0,0.0
Nebraska,2023-04-01,0.0,0.0
Nebraska,2023-05-01,1425923.0,1286860.0
Nevada,2021-01-01,205892.0,33923.0
Nevada,2021-02-01,447761.0,225648.0
Nevada,2021-03-01,853774.0,492187.0
Nevada,2021-04-01,1219581.0,857021.0
Nevada,2021-05-01,0.0,0.0
Nevada,2021-06-01,1529482.0,1291822.0
Nevada,2021-07-01,1652020.0,1367562.0
Nevada,2021-08-01,1786070.0,1473532.0
Nevada,2021-09-01,1871575.0,1563310.0
Nevada,2021-10-01,1952924.0,1632008.0
Nevada,2021-11-01,2046546.0,1678794.0
Nevada,2021-12-01,0.0,0.0
Nevada,2022-01-01,2246640.0,1801860.0
Nevada,2022-02-01,2279920.0,1838550.0
Nevada,2022-03-01,2298641.0,1855611.0
Nevada,2022-04-01,2317089.0,1872419.0
Nevada,2022-05-01,2331132.0,1884041.0
Nevada,2022-06-01,0.0,0.0
Nevada,2022-07-01,0.0,0.0
Nevada,2022-08-01,2370734.0,1908864.0
Nevada,2022-09-01,0.0,0.0
Nevada,2022-10-01,0.0,0.0
Nevada,2022-11-01,0.0,0.0
Nevada,2022-12-01,0.0,0.0
Nevada,2023-01-01,0.0,0.0
Nevada,2023-02-01,0.0,0.0
Nevada,2023-03-01,0.0,0.0
Nevada,2023-04-01,0.0,0.0
Nevada,2023-05-01,2400362.0,1966594.0
New Hampshire,2021-01-01,98524.0,29736.0
New Hampshire,2021-02-01,233437.0,99875.0
New Hampshire,2021-03-01,414738.0,239872.0
New Hampshire,2021-04-01,0.0,0.0
New Hampshire,2021-05-01,0.0,0.0
New Hampshire,2021-06-01,842972.0,755791.0
New Hampshire,2021-07-01,879775.0,792278.0
New Hampshire,2021-08-01,912072.0,811451.0
New Hampshire,2021-09-01,950568.0,836277.0
New Hampshire,2021-10-01,1036038.0,854430.0
New Hampshire,2021-11-01,0.0,0.0
New Hampshire,2021-12-01,0.0,0.0
New Hampshire,2022-01-01,0.0,0.0
New Hampshire,2022-02-01,0.0,0.0
New Hampshire,2022-03-01,0.0,0.0
New Hampshire,2022-04-01,0.0,0.0
New Hampshire,2022-05-01,0.0,0.0
New Hampshire,2022-06-01,0.0,0.0
New Hampshire,2022-07-01,0.0,0.0
New Hampshire,2022-08-01,0.0,0.0
New Hampshire,2022-09-01,0.0,0.0
New Hampshire,2022-10-01,0.0,0.0
New Hampshire,2022-11-01,1174257.0,959012.0
New Hampshire,2022-12-01,0.0,0.0
New Hampshire,2023-01-01,0.0,0.0
New Hampshire,2023-02-01,0.0,0.0
New Hampshire,2023-03-01,0.0,0.0
New Hampshire,2023-04-01,0.0,0.0
New Hampshire,2023-05-01,1203845.0,982565.0
New Jersey,2021-01-01,670153.0,123147.0
New Jersey,2021-02-01,1423424.0,722507.0
New Jersey,2021-03-01,2951563.0,1659604.0
New Jersey,2021-04-01,4582214.0,3202180.0
New Jersey,2021-05-01,0.0,0.0
New Jersey,2021-06-01,5580572.0,4897515.0
New Jersey,2021-07-01,5862753.0,5187136.0
New Jersey,2021-08-01,6211130.0,5457911.0
New Jersey,2021-09-01,6440347.0,5713118.0
New Jersey,2021-10-01,6670955.0,5897400.0
New Jersey,2021-11-01,7028706.0,6023574.0
New Jersey,2021-12-01,0.0,0.0
New Jersey,2022-01-01,7768256.0,6453563.0
New Jersey,2022-02-01,7905373.0,6595643.0
New Jersey,2022-03-01,7968142.0,6655799.0
New Jersey,2022-04-01,8024880.0,6715296.0
New Jersey,2022-05-01,8076451.0,6760421.0
New Jersey,2022-06-01,0.0,0.0
New Jersey,2022-07-01,0.0,0.0
New Jersey,2022-08-01,8207531.0,6851664.0
New Jersey,2022-09-01,0.0,0.0
New Jersey,2022-10-01,0.0,0.0
New Jersey,2022-11-01,8342750.0,6977486.0
New Jersey,2022-12-01,0.0,0.0
New Jersey,2023-01-01,0.0,0.0
New Jersey,2023-02-01,0.0,0.0
New Jersey,2023-03-01,0.0,0.0
New Jersey,2023-04-01,0.0,0.0
New Jersey,2023-05-01,8430561.0,7043583.0
New Mexico,2021-01-01,204968.0,56314.0
New Mexico,2021-02-01,467493.0,245357.0
New Mexico,2021-03-01,797952.0,493018.0
New Mexico,2021-04-01,1066741.0,779361.0
New Mexico,2021-05-01,0.0,0.0
New Mexico,2021-06-01,1318661.0,1142420.0
New Mexico,2021-07-01,1374231.0,1198386.0
New Mexico,2021-08-01,1465483.0,1257905.0
New Mexico,2021-09-01,0.0,0.0
New Mexico,2021-10-01,1513789.0,1302961.0
New Mexico,2021-11-01,1605513.0,1331844.0
New Mexico,2021-12-01,0.0,0.0
New Mexico,2022-01-01,1772816.0,1433509.0
New Mexico,2022-02-01,1803221.0,1460782.0
New Mexico,2022-03-01,1819275.0,1474951.0
New Mexico,2022-04-01,1837743.0,1490068.0
New Mexico,2022-05-01,1853338.0,1501592.0
New Mexico,2022-06-01,0.0,0.0
New Mexico,2022-07-01,0.0,0.0
New Mexico,2022-08-01,1896696.0,1525805.0
New Mexico,2022-09-01,0.0,0.0
New Mexico,2022-10-01,0.0,0.0
New Mexico,2022-11-01,1955529.0,1563530.0
New Mexico,2022-12-01,0.0,0.0
New Mexico,2023-01-01,0.0,0.0
New Mexico,2023-02-01,0.0,0.0
New Mexico,2023-03-01,0.0,0.0
New Mexico,2023-04-01,0.0,0.0
New Mexico,2023-05-01,1989307.0,1582545.0
North Carolina,2021-01-01,800782.0,149906.0
North Carolina,2021-02-01,1574172.0,859255.0
North Carolina,2021-03-01,3026774.0,1724042.0
North Carolina,2021-04-01,4108050.0,3029981.0
North Carolina,2021-05-01,0.0,0.0
North Carolina,2021-06-01,5099725.0,4377936.0
North Carolina,2021-07-01,5372159.0,4590721.0
North Carolina,2021-08-01,5838020.0,4860736.0
North Carolina,2021-09-01,6270487.0,5221411.0
North Carolina,2021-10-01,6752302.0,5524537.0
North Carolina,2021-11-01,7371115.0,5686074.0
North Carolina,2021-12-01,0.0,0.0
North Carolina,2022-01-01,8480234.0,6127909.0
North Carolina,2022-02-01,8631697.0,6225141.0
North Carolina,2022-03-01,8714379.0,6281123.0
North Carolina,2022-04-01,8826274.0,6405778.0
North Carolina,2022-05-01,8920991.0,6499509.0
North Carolina,2022-06-01,0.0,0.0
North Carolina,2022-07-01,0.0,0.0
North Carolina,2022-08-01,9152431.0,6657660.0
North Carolina,2022-09-01,0.0,0.0
North Carolina,2022-10-01,0.0,0.0
North Carolina,2022-11-01,0.0,0.0
North Carolina,2022-12-01,0.0,0.0
North Carolina,2023-01-01,0.0,0.0
North Carolina,2023-02-01,0.0,0.0
North Carolina,2023-03-01,0.0,0.0
North Carolina,2023-04-01,0.0,0.0
North Carolina,2023-05-01,9456334.0,7018862.0
North Dakota,2021-01-01,70822.0,25359.0
North Dakota,2021-02-01,147054.0,77942.0
North Dakota,2021-03-01,246500.0,154549.0
North Dakota,2021-04-01,298958.0,249623.0
North Dakota,2021-05-01,0.0,0.0
North Dakota,2021-06-01,334131.0,295725.0
North Dakota,2021-07-01,346776.0,305794.0
North Dakota,2021-08-01,367567.0,317655.0
North Dakota,2021-09-01,388512.0,336457.0
North Dakota,2021-10-01,406081.0,349780.0
North Dakota,2021-11-01,441631.0,371573.0
North Dakota,2021-12-01,0.0,0.0
North Dakota,2022-01-01,487561.0,411160.0
North Dakota,2022-02-01,491230.0,414922.0
North Dakota,2022-03-01,492715.0,416375.0
North Dakota,2022-04-01,494318.0,418417.0
North Dakota,2022-05-01,501716.0,425199.0
North Dakota,2022-06-01,0.0,0.0
North Dakota,2022-07-01,0.0,0.0
North Dakota,2022-08-01,511451.0,431933.0
North Dakota,2022-09-01,0.0,0.0
North Dakota,2022-10-01,0.0,0.0
North Dakota,2022-11-01,524471.0,443538.0
North Dakota,2022-12-01,0.0,0.0
North Dakota,2023-01-01,0.0,0.0
North Dakota,2023-02-01,0.0,0.0
North Dakota,2023-03-01,0.0,0.0
North Dakota,2023-04-01,0.0,0.0
North Dakota,2023-05-01,530640.0,448757.0
Ohio,2021-01-01,789605.0,163622.0
Ohio,2021-02-01,1686825.0,896436.0
Ohio,2021-03-01,3399897.0,1970300.0
Ohio,2021-04-01,4720523.0,3769101.0
Ohio,2021-05-01,0.0,0.0
Ohio,2021-06-01,5635230.0,5227519.0
Ohio,2021-07-01,5828437.0,5437218.0
Ohio,2021-08-01,6133397.0,5657888.0
Ohio,2021-09-01,6340058.0,5870552.0
Ohio,2021-10-01,6529841.0,6063992.0
Ohio,2021-11-01,6824256.0,6200220.0
Ohio,2021-12-01,0.0,0.0
Ohio,2022-01-01,7287334.0,6640780.0
Ohio,2022-02-01,7351434.0,6734907.0
Ohio,2022-03-01,7391239.0,6784882.0
Ohio,2022-04-01,7426443.0,6823281.0
Ohio,2022-05-01,0.0,0.0
Ohio,2022-06-01,0.0,0.0
Ohio,2022-07-01,0.0,0.0
Ohio,2022-08-01,7533259.0,6932260.0
Ohio,2022-09-01,0.0,0.0
Ohio,2022-10-01,0.0,0.0
Ohio,2022-11-01,7637306.0,7026188.0
Ohio,2022-12-01,0.0,0.0
Ohio,2023-01-01,0.0,0.0
Ohio,2023-02-01,0.0,0.0
Ohio,2023-03-01,0.0,0.0
Ohio,2023-04-01,0.0,0.0
Ohio,2023-05-01,7707458.0,7089473.0
Oklahoma,2021-01-01,356891.0,78459.0
Oklahoma,2021-02-01,688342.0,393028.0
Oklahoma,2021-03-01,1224792.0,704689.0
Oklahoma,2021-04-01,1522909.0,1172022.0
Oklahoma,2021-05-01,0.0,0.0
Oklahoma,2021-06-01,1773539.0,1518992.0
Oklahoma,2021-07-01,1897232.0,1593194.0
Oklahoma,2021-08-01,2109416.0,1734367.0
Oklahoma,2021-09-01,2239256.0,1883414.0
Oklahoma,2021-10-01,2355199.0,1981645.0
Oklahoma,2021-11-01,2485988.0,2039094.0
Oklahoma,2021-12-01,0.0,0.0
Oklahoma,2022-01-01,2738891.0,2183083.0
Oklahoma,2022-02-01,2769476.0,2216833.0
Oklahoma,2022-03-01,2790127.0,2238842.0
Oklahoma,2022-04-01,2812501.0,2264468.0
Oklahoma,2022-05-01,2827960.0,2281024.0
Oklahoma,2022-06-01,0.0,0.0
Oklahoma,2022-07-01,0.0,0.0
Oklahoma,2022-08-01,2876411.0,2319387.0
Oklahoma,2022-09-01,0.0,0.0
Oklahoma,2022-10-01,0.0,0.0
Oklahoma,2022-11-01,2931347.0,2374403.0
Oklahoma,2022-12-01,0.0,0.0
Oklahoma,2023-01-01,0.0,0.0
Oklahoma,2023-02-01,0.0,0.0
Oklahoma,2023-03-01,0.0,0.0
Oklahoma,2023-04-01,0.0,0.0
Oklahoma,2023-05-01,2961991.0,2399774.0
Oregon,2021-01-01,331692.0,74927.0
Oregon,2021-02-01,632080.0,352906.0
Oregon,2021-03-01,1187225.0,703262.0
Oregon,2021-04-01,1869063.0,1284955.0
Oregon,2021-05-01,0.0,0.0
Oregon,2021-06-01,2467466.0,2223826.0
Oregon,2021-07-01,2560856.0,2360847.0
Oregon,2021-08-01,2698081.0,2448747.0
Oregon,2021-09-01,2807716.0,2562913.0
Oregon,2021-10-01,2886384.0,2652242.0
Oregon,2021-11-01,3013928.0,2699697.0
Oregon,2021-12-01,0.0,0.0
Oregon,2022-01-01,3211843.0,2862339.0
Oregon,2022-02-01,3245754.0,2897355.0
Oregon,2022-03-01,3265681.0,2916841.0
Oregon,2022-04-01,3283902.0,2935871.0
Oregon,2022-05-01,3299579.0,2950745.0
Oregon,2022-06-01,0.0,0.0
Oregon,2022-07-01,0.0,0.0
Oregon,2022-08-01,3345861.0,2981938.0
Oregon,2022-09-01,0.0,0.0
Oregon,2022-10-01,0.0,0.0
Oregon,2022-11-01,3411059.0,3030301.0
Oregon,2022-12-01,0.0,0.0
Oregon,2023-01-01,0.0,0.0
Oregon,2023-02-01,0.0,0.0
Oregon,2023-03-01,0.0,0.0
Oregon,2023-04-01,0.0,0.0
Oregon,2023-05-01,3459096.0,3065513.0
Pennsylvania,2021-01-01,862021.0,223489.0
Pennsylvania,2021-02-01,1911844.0,833444.0
Pennsylvania,2021-03-01,4071410.0,2128284.0
Pennsylvania,2021-04-01,6326613.0,4092041.0
Pennsylvania,2021-05-01,0.0,0.0
Pennsylvania,2021-06-01,8030076.0,6345433.0
Pennsylvania,2021-07-01,8379145.0,6694268.0
Pennsylvania,2021-08-01,8880224.0,7054540.0
Pennsylvania,2021-09-01,9283640.0,7405158.0
Pennsylvania,2021-10-01,0.0,0.0
Pennsylvania,2021-11-01,0.0,0.0
Pennsylvania,2021-12-01,0.0,0.0
Pennsylvania,2022-01-01,10503938.0,8419217.0
Pennsylvania,2022-02-01,10669839.0,8575720.0
Pennsylvania,2022-03-01,10758646.0,8653952.0
Pennsylvania,2022-04-01,10861942.0,8756552.0
Pennsylvania,2022-05-01,10941263.0,8837322.0
Pennsylvania,2022-06-01,0.0,0.0
Pennsylvania,2022-07-01,0.0,0.0
Pennsylvania,2022-08-01,11209639.0,9031217.0
Pennsylvania,2022-09-01,0.0,0.0
Pennsylvania,2022-10-01,0.0,0.0
Pennsylvania,2022-11-01,11479452.0,9286804.0
Pennsylvania,2022-12-01,0.0,0.0
Pennsylvania,2023-01-01,0.0,0.0
Pennsylvania,2023-02-01,0.0,0.0
Pennsylvania,2023-03-01,0.0,0.0
Pennsylvania,2023-04-01,0.0,0.0
Pennsylvania,2023-05-01,11666613.0,9444480.0
Rhode Island,2021-01-01,67744.0,23408.0
Rhode Island,2021-02-01,183254.0,73919.0
Rhode Island,2021-03-01,349215.0,221888.0
Rhode Island,2021-04-01,556126.0,387339.0
Rhode Island,2021-05-01,0.0,0.0
Rhode Island,2021-06-01,684276.0,623797.0
Rhode Island,2021-07-01,713873.0,651498.0
Rhode Island,2021-08-01,757546.0,685619.0
Rhode Island,2021-09-01,797418.0,723162.0
Rhode Island,2021-10-01,828526.0,751359.0
Rhode Island,2021-11-01,881393.0,768877.0
Rhode Island,2021-12-01,0.0,0.0
Rhode Island,2022-01-01,1001868.0,836614.0
Rhode Island,2022-02-01,1020192.0,854479.0
Rhode Island,2022-03-01,1032136.0,864131.0
Rhode Island,2022-04-01,1043195.0,873771.0
Rhode Island,2022-05-01,1053565.0,881776.0
Rhode Island,2022-06-01,0.0,0.0
Rhode Island,2022-07-01,0.0,0.0
Rhode Island,2022-08-01,1080406.0,899544.0
Rhode Island,2022-09-01,0.0,0.0
Rhode Island,2022-10-01,0.0,0.0
Rhode Island,2022-11-01,1113816.0,921353.0
Rhode Island,2022-12-01,0.0,0.0
Rhode Island,2023-01-01,0.0,0.0
Rhode Island,2023-02-01,0.0,0.0
Rhode Island,2023-03-01,0.0,0.0
Rhode Island,2023-04-01,0.0,0.0
Rhode Island,2023-05-01,1126779.0,932541.0
South Carolina,2021-01-01,361557.0,74459.0
South Carolina,2021-02-01,737658.0,345618.0
South Carolina,2021-03-01,1403522.0,774353.0
South Carolina,2021-04-01,1881335.0,1407621.0
South Carolina,2021-05-01,0.0,0.0
South Carolina,2021-06-01,2280229.0,1991900.0
South Carolina,2021-07-01,2408619.0,2091278.0
South Carolina,2021-08-01,2658705.0,2232208.0
South Carolina,2021-09-01,2844094.0,2433429.0
South Carolina,2021-10-01,2966691.0,2574674.0
South Carolina,2021-11-01,3102884.0,2646396.0
South Carolina,2021-12-01,0.0,0.0
South Carolina,2022-01-01,3383460.0,2828685.0
South Carolina,2022-02-01,3427652.0,2878404.0
South Carolina,2022-03-01,3456573.0,2910580.0
South Carolina,2022-04-01,3465485.0,2916876.0
South Carolina,2022-05-01,3502118.0,2954057.0
South Carolina,2022-06-01,0.0,0.0
South Carolina,2022-07-01,0.0,0.0
South Carolina,2022-08-01,3569322.0,3003370.0
South Carolina,2022-09-01,0.0,0.0
South Carolina,2022-10-01,0.0,0.0
South Carolina,2022-11-01,3629597.0,3062294.0
South Carolina,2022-12-01,0.0,0.0
South Carolina,2023-01-01,0.0,0.0
South Carolina,2023-02-01,0.0,0.0
South Carolina,2023-03-01,0.0,0.0
South Carolina,2023-04-01,0.0,0.0
South Carolina,2023-05-01,3666079.0,3091956.0
South Dakota,2021-01-01,76523.0,29362.0
South Dakota,2021-02-01,184028.0,93922.0
South Dakota,2021-03-01,308289.0,198087.0
South Dakota,2021-04-01,395076.0,324779.0
South Dakota,2021-05-01,0.0,0.0
South Dakota,2021-06-01,446891.0,401431.0
South Dakota,2021-07-01,466986.0,415448.0
South Dakota,2021-08-01,496277.0,434182.0
South Dakota,2021-09-01,523757.0,457326.0
South Dakota,2021-10-01,549309.0,465631.0
South Dakota,2021-11-01,592615.0,483369.0
South Dakota,2021-12-01,0.0,0.0
South Dakota,2022-01-01,653357.0,520632.0
South Dakota,2022-02-01,662692.0,529641.0
South Dakota,2022-03-01,668965.0,535202.0
South Dakota,2022-04-01,676655.0,543374.0
South Dakota,2022-05-01,682608.0,549222.0
South Dakota,2022-06-01,0.0,0.0
South Dakota,2022-07-01,0.0,0.0
South Dakota,2022-08-01,700878.0,563276.0
South Dakota,2022-09-01,0.0,0.0
South Dakota,2022-10-01,0.0,0.0
South Dakota,2022-11-01,733907.0,581183.0
South Dakota,2022-12-01,0.0,0.0
South Dakota,2023-01-01,0.0,0.0
South Dakota,2023-02-01,0.0,0.0
South Dakota,2023-03-01,0.0,0.0
South Dakota,2023-04-01,0.0,0.0
South Dakota,2023-05-01,746118.0,588257.0
Tennessee,2021-01-01,438426.0,169166.0
Tennessee,2021-02-01,878954.0,458159.0
Tennessee,2021-03-01,1711847.0,942765.0
Tennessee,2021-04-01,2339881.0,1671930.0
Tennessee,2021-05-01,0.0,0.0
Tennessee,2021-06-01,2845692.0,2415814.0
Tennessee,2021-07-01,3056804.0,2670396.0
Tennessee,2021-08-01,3385615.0,2857691.0
Tennessee,2021-09-01,3600059.0,3103098.0
Tennessee,2021-10-01,3724536.0,3254781.0
Tennessee,2021-11-01,3881413.0,3383804.0
Tennessee,2021-12-01,0.0,0.0
Tennessee,2022-01-01,4138237.0,3599099.0
Tennessee,2022-02-01,4188314.0,3657507.0
Tennessee,2022-03-01,4216180.0,3689874.0
Tennessee,2022-04-01,4245008.0,3721623.0
Tennessee,2022-05-01,4263918.0,3740633.0
Tennessee,2022-06-01,0.0,0.0
Tennessee,2022-07-01,0.0,0.0
Tennessee,2022-08-01,4326453.0,3783347.0
Tennessee,2022-09-01,0.0,0.0
Tennessee,2022-10-01,0.0,0.0
Tennessee,2022-11-01,4378944.0,3828132.0
Tennessee,2022-12-01,0.0,0.0
Tennessee,2023-01-01,0.0,0.0
Tennessee,2023-02-01,0.0,0.0
Tennessee,2023-03-01,0.0,0.0
Tennessee,2023-04-01,0.0,0.0
Tennessee,2023-05-01,4413541.0,3852924.0
Texas,2021-01-01,1928227.0,478812.0
Texas,2021-02-01,3533100.0,1804118.0
Texas,2021-03-01,7476870.0,3973093.0
Texas,2021-04-01,11092489.0,7826009.0
Texas,2021-05-01,0.0,0.0
Texas,2021-06-01,13962839.0,11932087.0
Texas,2021-07-01,14982363.0,12713003.0
Texas,2021-08-01,16562122.0,13753861.0
Texas,2021-09-01,17258083.0,14813685.0
Texas,2021-10-01,17808286.0,15481485.0
Texas,2021-11-01,18584093.0,15861342.0
Texas,2021-12-01,0.0,0.0
Texas,2022-01-01,20219728.0,17072171.0
Texas,2022-02-01,20604388.0,17419275.0
Texas,2022-03-01,20913299.0,17629456.0
Texas,2022-04-01,21197597.0,17809927.0
Texas,2022-05-01,0.0,0.0
Texas,2022-06-01,0.0,0.0
Texas,2022-07-01,0.0,0.0
Texas,2022-08-01,21578617.0,17866681.0
Texas,2022-09-01,0.0,0.0
Texas,2022-10-01,0.0,0.0
Texas,2022-11-01,21955977.0,18235136.0
Texas,2022-12-01,0.0,0.0
Texas,2023-01-01,0.0,0.0
Texas,2023-02-01,0.0,0.0
Texas,2023-03-01,0.0,0.0
Texas,2023-04-01,0.0,0.0
Texas,2023-05-01,22322586.0,18406327.0
Utah,2021-01-01,227616.0,45874.0
Utah,2021-02-01,391851.0,177863.0
Utah,2021-03-01,814168.0,365896.0
Utah,2021-04-01,1254664.0,749770.0
Utah,2021-05-01,0.0,0.0
Utah,2021-06-01,1561287.0,1196468.0
Utah,2021-07-01,1670741.0,1436969.0
Utah,2021-08-01,1803415.0,1522997.0
Utah,2021-09-01,1889984.0,1622171.0
Utah,2021-10-01,1960231.0,1717796.0
Utah,2021-11-01,2048267.0,1772790.0
Utah,2021-12-01,0.0,0.0
Utah,2022-01-01,2234121.0,1944376.0
Utah,2022-02-01,2281963.0,2028013.0
Utah,2022-03-01,2295855.0,2044536.0
Utah,2022-04-01,2311326.0,2060369.0
Utah,2022-05-01,2319969.0,2068474.0
Utah,2022-06-01,0.0,0.0
Utah,2022-07-01,0.0,0.0
Utah,2022-08-01,2363082.0,2096408.0
Utah,2022-09-01,0.0,0.0
Utah,2022-10-01,0.0,0.0
Utah,2022-11-01,2395936.0,2124608.0
Utah,2022-12-01,0.0,0.0
Utah,2023-01-01,0.0,0.0
Utah,2023-02-01,0.0,0.0
Utah,2023-03-01,0.0,0.0
Utah,2023-04-01,0.0,0.0
Utah,2023-05-01,2421459.0,2146291.0
Vermont,2021-01-01,50571.0,16491.0
Vermont,2021-02-01,104583.0,54139.0
Vermont,2021-03-01,209145.0,117656.0
Vermont,2021-04-01,343866.0,232682.0
Vermont,2021-05-01,0.0,0.0
Vermont,2021-06-01,461243.0,409254.0
Vermont,2021-07-01,0.0,0.0
Vermont,2021-08-01,475005.0,423736.0
Vermont,2021-09-01,484962.0,433565.0
Vermont,2021-10-01,497477.0,444573.0
Vermont,2021-11-01,533218.0,454783.0
Vermont,2021-12-01,0.0,0.0
Vermont,2022-01-01,574760.0,495441.0
Vermont,2022-02-01,0.0,0.0
Vermont,2022-03-01,580032.0,502896.0
Vermont,2022-04-01,583129.0,506251.0
Vermont,2022-05-01,586904.0,509346.0
Vermont,2022-06-01,0.0,0.0
Vermont,2022-07-01,0.0,0.0
Vermont,2022-08-01,599031.0,516923.0
Vermont,2022-09-01,0.0,0.0
Vermont,2022-10-01,0.0,0.0
Vermont,2022-11-01,613315.0,528998.0
Vermont,2022-12-01,0.0,0.0
Vermont,2023-01-01,0.0,0.0
Vermont,2023-02-01,0.0,0.0
Vermont,2023-03-01,0.0,0.0
Vermont,2023-04-01,0.0,0.0
Vermont,2023-05-01,623937.0,537193.0
Virginia,2021-01-01,687883.0,118612.0
Virginia,2021-02-01,1349077.0,721028.0
Virginia,2021-03-01,2671921.0,1457374.0
Virginia,2021-04-01,4019353.0,2802389.0
Virginia,2021-05-01,0.0,0.0
Virginia,2021-06-01,5040260.0,4422065.0
Virginia,2021-07-01,5266866.0,4652774.0
Virginia,2021-08-01,5574196.0,4887531.0
Virginia,2021-09-01,5839079.0,5170550.0
Virginia,2021-10-01,6072544.0,5386168.0
Virginia,2021-11-01,6451445.0,5542940.0
Virginia,2021-12-01,0.0,0.0
Virginia,2022-01-01,7099884.0,6026645.0
Virginia,2022-02-01,7211590.0,6146040.0
Virginia,2022-03-01,7256309.0,6192134.0
Virginia,2022-04-01,7311573.0,6244547.0
Virginia,2022-05-01,7358180.0,6289709.0
Virginia,2022-06-01,0.0,0.0
Virginia,2022-07-01,0.0,0.0
Virginia,2022-08-01,7504177.0,6368077.0
Virginia,2022-09-01,0.0,0.0
Virginia,2022-10-01,0.0,0.0
Virginia,2022-11-01,7695800.0,6491997.0
Virginia,2022-12-01,0.0,0.0
Virginia,2023-01-01,0.0,0.0
Virginia,2023-02-01,0.0,0.0
Virginia,2023-03-01,0.0,0.0
Virginia,2023-04-01,0.0,0.0
Virginia,2023-05-01,7794449.0,6556391.0
Washington,2021-01-01,555505.0,117398.0
Washington,2021-02-01,1134837.0,582467.0
Washington,2021-03-01,2272698.0,1365670.0
Washington,2021-04-01,3524503.0,2454705.0
Washington,2021-05-01,0.0,0.0
Washington,2021-06-01,4663854.0,4150522.0
Washington,2021-07-01,4872247.0,4388828.0
Washington,2021-08-01,0.0,0.0
Washington,2021-09-01,5118060.0,4631921.0
Washington,2021-10-01,5283945.0,4834257.0
Washington,2021-11-01,5552276.0,4953066.0
Washington,2021-12-01,0.0,0.0
Washington,2022-01-01,5987060.0,5324945.0
Washington,2022-02-01,6070373.0,5437533.0
Washington,2022-03-01,6114332.0,5487268.0
Washington,2022-04-01,6150573.0,5525460.0
Washington,2022-05-01,6179961.0,5551623.0
Washington,2022-06-01,0.0,0.0
Washington,2022-07-01,0.0,0.0
Washington,2022-08-01,6309024.0,5615625.0
Washington,2022-09-01,0.0,0.0
Washington,2022-10-01,0.0,0.0
Washington,2022-11-01,6438291.0,5747325.0
Washington,2022-12-01,0.0,0.0
Washington,2023-01-01,0.0,0.0
Washington,2023-02-01,0.0,0.0
Washington,2023-03-01,0.0,0.0
Washington,2023-04-01,0.0,0.0
Washington,2023-05-01,6517326.0,5814062.0
West Virginia,2021-01-01,192580.0,67183.0
West Virginia,2021-02-01,317008.0,205102.0
West Virginia,2021-03-01,537000.0,336742.0
West Virginia,2021-04-01,641217.0,543800.0
West Virginia,2021-05-01,0.0,0.0
West Virginia,2021-06-01,781983.0,666545.0
West Virginia,2021-07-01,825244.0,699786.0
West Virginia,2021-08-01,843679.0,710603.0
West Virginia,2021-09-01,863354.0,724405.0
West Virginia,2021-10-01,878045.0,735450.0
West Virginia,2021-11-01,966272.0,744500.0
West Virginia,2021-12-01,0.0,0.0
West Virginia,2022-01-01,1138930.0,1006239.0
West Virginia,2022-02-01,1150171.0,1017296.0
West Virginia,2022-03-01,1157363.0,1024540.0
West Virginia,2022-04-01,1164464.0,1031599.0
West Virginia,2022-05-01,1169984.0,1036828.0
West Virginia,2022-06-01,0.0,0.0
West Virginia,2022-07-01,0.0,0.0
West Virginia,2022-08-01,1186848.0,1051166.0
West Virginia,2022-09-01,0.0,0.0
West Virginia,2022-10-01,0.0,0.0
West Virginia,2022-11-01,1202996.0,1064981.0
West Virginia,2022-12-01,0.0,0.0
West Virginia,2023-01-01,0.0,0.0
West Virginia,2023-02-01,0.0,0.0
West Virginia,2023-03-01,0.0,0.0
West Virginia,2023-04-01,0.0,0.0
West Virginia,2023-05-01,1212338.0,1071540.0
Wisconsin,2021-01-01,409614.0,78902.0
Wisconsin,2021-02-01,958333.0,500342.0
Wisconsin,2021-03-01,1850625.0,1079684.0
Wisconsin,2021-04-01,2656544.0,2054388.0
Wisconsin,2021-05-01,0.0,0.0
Wisconsin,2021-06-01,3122615.0,2879461.0
Wisconsin,2021-07-01,3239235.0,3015017.0
Wisconsin,2021-08-01,3412329.0,3142587.0
Wisconsin,2021-09-01,3547981.0,3286121.0
Wisconsin,2021-10-01,3652087.0,3395756.0
Wisconsin,2021-11-01,3832519.0,3464470.0
Wisconsin,2021-12-01,0.0,0.0
Wisconsin,2022-01-01,4096978.0,3703247.0
Wisconsin,2022-02-01,4138215.0,3761636.0
Wisconsin,2022-03-01,4159366.0,3789564.0
Wisconsin,2022-04-01,4181818.0,3816557.0
Wisconsin,2022-05-01,4199126.0,3834768.0
Wisconsin,2022-06-01,0.0,0.0
Wisconsin,2022-07-01,0.0,0.0
Wisconsin,2022-08-01,4263864.0,3880908.0
Wisconsin,2022-09-01,0.0,0.0
Wisconsin,2022-10-01,0.0,0.0
Wisconsin,2022-11-01,4344903.0,3946233.0
Wisconsin,2022-12-01,0.0,0.0
Wisconsin,2023-01-01,0.0,0.0
Wisconsin,2023-02-01,0.0,0.0
Wisconsin,2023-03-01,0.0,0.0
Wisconsin,2023-04-01,0.0,0.0
Wisconsin,2023-05-01,4386970.0,3981606.0
Wyoming,2021-01-01,47639.0,9321.0
Wyoming,2021-02-01,99849.0,54368.0
Wyoming,2021-03-01,156910.0,105052.0
Wyoming,2021-04-01,196453.0,160656.0
Wyoming,2021-05-01,0.0,0.0
Wyoming,2021-06-01,226911.0,198958.0
Wyoming,2021-07-01,241610.0,212230.0
Wyoming,2021-08-01,262132.0,223590.0
Wyoming,2021-09-01,280635.0,240814.0
Wyoming,2021-10-01,294284.0,254028.0
Wyoming,2021-11-01,310481.0,263763.0
Wyoming,2021-12-01,0.0,0.0
Wyoming,2022-01-01,331244.0,288335.0
Wyoming,2022-02-01,335582.0,292815.0
Wyoming,2022-03-01,0.0,0.0
Wyoming,2022-04-01,0.0,0.0
Wyoming,2022-05-01,337275.0,295802.0
Wyoming,2022-06-01,0.0,0.0
Wyoming,2022-07-01,0.0,0.0
Wyoming,2022-08-01,342903.0,300240.0
Wyoming,2022-09-01,0.0,0.0
Wyoming,2022-10-01,0.0,0.0
Wyoming,2022-11-01,350112.0,305397.0
Wyoming,2022-12-01,0.0,0.0
Wyoming,2023-01-01,0.0,0.0
Wyoming,2023-02-01,0.0,0.0
Wyoming,2023-03-01,0.0,0.0
Wyoming,2023-04-01,0.0,0.0
Wyoming,2023-05-01,353727.0,307619.0
