state,week,infected,deaths
Alabama,2020-01-01,0.0,0.0
Alabama,2020-02-01,0.0,0.0
Alabama,2020-03-01,472.0,1.0
Alabama,2020-04-01,6979.0,255.0
Alabama,2020-05-01,16263.0,583.0
Alabama,2020-06-01,32878.0,886.0
Alabama,2020-07-01,84652.0,1539.0
Alabama,2020-08-01,119904.0,2043.0
Alabama,2020-09-01,154772.0,2530.0
Alabama,2020-10-01,188775.0,2909.0
Alabama,2020-11-01,239318.0,3528.0
Alabama,2020-12-01,356820.0,4774.0
Alabama,2021-01-01,449087.0,7169.0
Alabama,2021-02-01,490165.0,9741.0
Alabama,2021-03-01,515353.0,10547.0
Alabama,2021-04-01,527085.0,10876.0
Alabama,2021-05-01,542828.0,11132.0
Alabama,2021-06-01,550979.0,11350.0
Alabama,2021-07-01,577463.0,11508.0
Alabama,2021-08-01,665653.0,12000.0
Alabama,2021-09-01,794773.0,14200.0
Alabama,2021-10-01,828643.0,15432.0
Alabama,2021-11-01,844206.0,16099.0
Alabama,2021-12-01,880307.0,16453.0
Alabama,2022-01-01,1161930.0,16914.0
Alabama,2022-02-01,1275357.0,18006.0
Alabama,2022-03-01,1295015.0,19284.0
Alabama,2022-04-01,1300274.0,19558.0
Alabama,2022-05-01,1310521.0,19651.0
Alabama,2022-06-01,1355340.0,19740.0
Alabama,2022-07-01,1419075.0,19890.0
Alabama,2022-08-01,1479605.0,20048.0
Alabama,2022-09-01,1517904.0,20395.0
Alabama,2022-10-01,1531305.0,20533.0
Alabama,2022-11-01,1549285.0,20652.0
Alabama,2022-12-01,1573637.0,20757.0
Alabama,2023-01-01,1610535.0,20870.0
Alabama,2023-02-01,1638348.0,20932.0
Alabama,2023-03-01,1650449.0,21127.0
Alabama,2023-04-01,1657175.0,21133.0
Alabama,2023-05-01,1659936.0,21138.0
Alaska,2020-01-01,0.0,0.0
Alaska,2020-02-01,0.0,0.0
Alaska,2020-03-01,63.0,1.0
Alaska,2020-04-01,355.0,9.0
Alaska,2020-05-01,404.0,10.0
Alaska,2020-06-01,821.0,12.0
Alaska,2020-07-01,2886.0,21.0
Alaska,2020-08-01,5001.0,36.0
Alaska,2020-09-01,8026.0,55.0
Alaska,2020-10-01,14539.0,71.0
Alaska,2020-11-01,29292.0,118.0
Alaska,2020-12-01,45802.0,203.0
Alaska,2021-01-01,52359.0,261.0
Alaska,2021-02-01,55986.0,289.0
Alaska,2021-03-01,60816.0,311.0
Alaska,2021-04-01,65325.0,344.0
Alaska,2021-05-01,67371.0,366.0
Alaska,2021-06-01,68435.0,374.0
Alaska,2021-07-01,72065.0,383.0
Alaska,2021-08-01,82427.0,435.0
Alaska,2021-09-01,109923.0,563.0
Alaska,2021-10-01,131999.0,712.0
Alaska,2021-11-01,144792.0,866.0
Alaska,2021-12-01,152363.0,974.0
Alaska,2022-01-01,202626.0,1077.0
Alaska,2022-02-01,230807.0,1159.0
Alaska,2022-03-01,239613.0,1224.0
Alaska,2022-04-01,245165.0,1247.0
Alaska,2022-05-01,251699.0,1270.0
Alaska,2022-06-01,262585.0,1270.0
Alaska,2022-07-01,271101.0,1275.0
Alaska,2022-08-01,279888.0,1304.0
Alaska,2022-09-01,282911.0,1329.0
Alaska,2022-10-01,284785.0,1376.0
Alaska,2022-11-01,286561.0,1399.0
Alaska,2022-12-01,288123.0,1418.0
Alaska,2023-01-01,290267.0,1436.0
Alaska,2023-02-01,293313.0,1449.0
Alaska,2023-03-01,295801.0,1468.0
Alaska,2023-04-01,297201.0,1468.0
Alaska,2023-05-01,297588.0,1468.0
Arizona,2020-01-01,1.0,0.0
Arizona,2020-02-01,1.0,0.0
Arizona,2020-03-01,401.0,6.0
Arizona,2020-04-01,7209.0,308.0
Arizona,2020-05-01,17319.0,834.0
Arizona,2020-06-01,60190.0,1466.0
Arizona,2020-07-01,168275.0,3453.0
Arizona,2020-08-01,199469.0,4895.0
Arizona,2020-09-01,218508.0,5653.0
Arizona,2020-10-01,241165.0,5905.0
Arizona,2020-11-01,310850.0,6524.0
Arizona,2020-12-01,512489.0,8718.0
Arizona,2021-01-01,738561.0,12643.0
Arizona,2021-02-01,811968.0,15693.0
Arizona,2021-03-01,841807.0,16954.0
Arizona,2021-04-01,860772.0,17281.0
Arizona,2021-05-01,878312.0,17570.0
Arizona,2021-06-01,894872.0,17936.0
Arizona,2021-07-01,921445.0,18186.0
Arizona,2021-08-01,991309.0,18638.0
Arizona,2021-09-01,1090839.0,19941.0
Arizona,2021-10-01,1156731.0,21045.0
Arizona,2021-11-01,1252248.0,22098.0
Arizona,2021-12-01,1368080.0,24171.0
Arizona,2022-01-01,1799503.0,25899.0
Arizona,2022-02-01,1971678.0,27705.0
Arizona,2022-03-01,2007180.0,29268.0
Arizona,2022-04-01,2021524.0,29951.0
Arizona,2022-05-01,2049627.0,30299.0
Arizona,2022-06-01,2125567.0,30515.0
Arizona,2022-07-01,2196429.0,30768.0
Arizona,2022-08-01,2254337.0,31114.0
Arizona,2022-09-01,2271560.0,31369.0
Arizona,2022-10-01,2287886.0,31548.0
Arizona,2022-11-01,2337547.0,31751.0
Arizona,2022-12-01,2378334.0,32182.0
Arizona,2023-01-01,2398200.0,32775.0
Arizona,2023-02-01,2407765.0,33003.0
Arizona,2023-03-01,2454320.0,33225.0
Arizona,2023-04-01,2468340.0,33395.0
Arizona,2023-05-01,2474154.0,33451.0
Arkansas,2020-01-01,0.0,0.0
Arkansas,2020-02-01,8.0,0.0
Arkansas,2020-03-01,365.0,19.0
Arkansas,2020-04-01,3497.0,117.0
Arkansas,2020-05-01,6836.0,195.0
Arkansas,2020-06-01,18412.0,424.0
Arkansas,2020-07-01,39577.0,833.0
Arkansas,2020-08-01,57914.0,1197.0
Arkansas,2020-09-01,83295.0,1830.0
Arkansas,2020-10-01,108151.0,2459.0
Arkansas,2020-11-01,149905.0,3325.0
Arkansas,2020-12-01,222518.0,4654.0
Arkansas,2021-01-01,288060.0,5509.0
Arkansas,2021-02-01,316560.0,5778.0
Arkansas,2021-03-01,330917.0,5973.0
Arkansas,2021-04-01,335766.0,6050.0
Arkansas,2021-05-01,341178.0,6126.0
Arkansas,2021-06-01,349892.0,6281.0
Arkansas,2021-07-01,381470.0,6837.0
Arkansas,2021-08-01,442345.0,7713.0
Arkansas,2021-09-01,496654.0,8284.0
Arkansas,2021-10-01,513476.0,8624.0
Arkansas,2021-11-01,528036.0,8870.0
Arkansas,2021-12-01,559468.0,9435.0
Arkansas,2022-01-01,749248.0,10450.0
Arkansas,2022-02-01,804690.0,10929.0
Arkansas,2022-03-01,818667.0,11215.0
Arkansas,2022-04-01,822236.0,11360.0
Arkansas,2022-05-01,828998.0,11445.0
Arkansas,2022-06-01,851042.0,11578.0
Arkansas,2022-07-01,885329.0,11687.0
Arkansas,2022-08-01,916929.0,11917.0
Arkansas,2022-09-01,934462.0,12130.0
Arkansas,2022-10-01,941719.0,12449.0
Arkansas,2022-11-01,951305.0,12560.0
Arkansas,2022-12-01,964645.0,12681.0
Arkansas,2023-01-01,976195.0,12803.0
Arkansas,2023-02-01,984182.0,12917.0
Arkansas,2023-03-01,990092.0,13054.0
Arkansas,2023-04-01,993488.0,13115.0
Arkansas,2023-05-01,995043.0,13115.0
California,2020-01-01,2.0,0.0
California,2020-02-01,52.0,0.0
California,2020-03-01,3000.0,64.0
California,2020-04-01,46601.0,1811.0
California,2020-05-01,99217.0,3706.0
California,2020-06-01,190663.0,5499.0
California,2020-07-01,477548.0,8593.0
California,2020-08-01,683755.0,12154.0
California,2020-09-01,818187.0,15654.0
California,2020-10-01,919822.0,17427.0
California,2020-11-01,1168074.0,18915.0
California,2020-12-01,2302033.0,24738.0
California,2021-01-01,3299740.0,37317.0
California,2021-02-01,3599728.0,49366.0
California,2021-03-01,3720602.0,57823.0
California,2021-04-01,3792591.0,60046.0
California,2021-05-01,3836560.0,61494.0
California,2021-06-01,3875227.0,62685.0
California,2021-07-01,3998313.0,63516.0
California,2021-08-01,4345722.0,64801.0
California,2021-09-01,4709457.0,68516.0
California,2021-10-01,4876828.0,71159.0
California,2021-11-01,5035140.0,73365.0
California,2021-12-01,5412140.0,75628.0
California,2022-01-01,8120396.0,78315.0
California,2022-02-01,8914113.0,83575.0
California,2022-03-01,9084830.0,88045.0
California,2022-04-01,9198534.0,89383.0
California,2022-05-01,9493324.0,90486.0
California,2022-06-01,10076018.0,91514.0
California,2022-07-01,10632003.0,92591.0
California,2022-08-01,11075694.0,94055.0
California,2022-09-01,11253453.0,95154.0
California,2022-10-01,11353420.0,96049.0
California,2022-11-01,11521451.0,96798.0
California,2022-12-01,11812914.0,97753.0
California,2023-01-01,11970948.0,99125.0
California,2023-02-01,12075768.0,100184.0
California,2023-03-01,12181194.0,101192.0
California,2023-04-01,12230624.0,101663.0
California,2023-05-01,12251820.0,101886.0
Colorado,2020-01-01,0.0,0.0
Colorado,2020-02-01,0.0,0.0
Colorado,2020-03-01,1417.0,26.0
Colorado,2020-04-01,15882.0,930.0
Colorado,2020-05-01,25715.0,1452.0
Colorado,2020-06-01,31981.0,1656.0
Colorado,2020-07-01,47320.0,1777.0
Colorado,2020-08-01,57416.0,1887.0
Colorado,2020-09-01,73066.0,2002.0
Colorado,2020-10-01,105572.0,2176.0
Colorado,2020-11-01,228449.0,2982.0
Colorado,2020-12-01,347485.0,4939.0
Colorado,2021-01-01,402419.0,5640.0
Colorado,2021-02-01,435158.0,5974.0
Colorado,2021-03-01,472303.0,6153.0
Colorado,2021-04-01,517467.0,6314.0
Colorado,2021-05-01,547853.0,6564.0
Colorado,2021-06-01,561466.0,6796.0
Colorado,2021-07-01,575968.0,6938.0
Colorado,2021-08-01,610820.0,7127.0
Colorado,2021-09-01,676246.0,7620.0
Colorado,2021-10-01,741295.0,8248.0
Colorado,2021-11-01,831410.0,9244.0
Colorado,2021-12-01,945138.0,10414.0
Colorado,2022-01-01,1333933.0,11336.0
Colorado,2022-02-01,1408150.0,12198.0
Colorado,2022-03-01,1423846.0,12453.0
Colorado,2022-04-01,1439192.0,12504.0
Colorado,2022-05-01,1478514.0,12580.0
Colorado,2022-06-01,1554594.0,12810.0
Colorado,2022-07-01,1605039.0,12994.0
Colorado,2022-08-01,1641692.0,13178.0
Colorado,2022-09-01,1660159.0,13320.0
Colorado,2022-10-01,1677742.0,13426.0
Colorado,2022-11-01,1714243.0,13649.0
Colorado,2022-12-01,1736974.0,13861.0
Colorado,2023-01-01,1748447.0,14013.0
Colorado,2023-02-01,1760772.0,14077.0
Colorado,2023-03-01,1774060.0,14258.0
Colorado,2023-04-01,1781374.0,14349.0
Colorado,2023-05-01,1783663.0,14385.0
Connecticut,2020-01-01,0.0,0.0
Connecticut,2020-02-01,0.0,0.0
Connecticut,2020-03-01,1205.0,19.0
Connecticut,2020-04-01,27807.0,2168.0
Connecticut,2020-05-01,42197.0,3803.0
Connecticut,2020-06-01,45913.0,4287.0
Connecticut,2020-07-01,49540.0,4425.0
Connecticut,2020-08-01,52220.0,4462.0
Connecticut,2020-09-01,57550.0,4508.0
Connecticut,2020-10-01,69127.0,4604.0
Connecticut,2020-11-01,109152.0,4926.0
Connecticut,2020-12-01,183663.0,5964.0
Connecticut,2021-01-01,247339.0,6976.0
Connecticut,2021-02-01,275705.0,7593.0
Connecticut,2021-03-01,309286.0,7890.0
Connecticut,2021-04-01,338469.0,8080.0
Connecticut,2021-05-01,346980.0,8227.0
Connecticut,2021-06-01,349353.0,8276.0
Connecticut,2021-07-01,353505.0,8286.0
Connecticut,2021-08-01,369132.0,8335.0
Connecticut,2021-09-01,390180.0,8629.0
Connecticut,2021-10-01,401716.0,8752.0
Connecticut,2021-11-01,416573.0,8865.0
Connecticut,2021-12-01,502484.0,9160.0
Connecticut,2022-01-01,693561.0,9901.0
Connecticut,2022-02-01,727840.0,10438.0
Connecticut,2022-03-01,739137.0,10779.0
Connecticut,2022-04-01,755971.0,10839.0
Connecticut,2022-05-01,800506.0,10937.0
Connecticut,2022-06-01,830617.0,11045.0
Connecticut,2022-07-01,851842.0,11102.0
Connecticut,2022-08-01,876017.0,11269.0
Connecticut,2022-09-01,893199.0,11365.0
Connecticut,2022-10-01,909653.0,11448.0
Connecticut,2022-11-01,925336.0,11587.0
Connecticut,2022-12-01,945020.0,11766.0
Connecticut,2023-01-01,963705.0,11941.0
Connecticut,2023-02-01,973587.0,12144.0
Connecticut,2023-03-01,979167.0,12272.0
Connecticut,2023-04-01,981501.0,12304.0
Connecticut,2023-05-01,982335.0,12337.0
Delaware,2020-01-01,5.0,0.0
Delaware,2020-02-01,13.0,0.0
Delaware,2020-03-01,167.0,2.0
Delaware,2020-04-01,4857.0,207.0
Delaware,2020-05-01,9269.0,477.0
Delaware,2020-06-01,11137.0,566.0
Delaware,2020-07-01,15002.0,613.0
Delaware,2020-08-01,17047.0,631.0
Delaware,2020-09-01,20662.0,670.0
Delaware,2020-10-01,24444.0,743.0
Delaware,2020-11-01,33388.0,833.0
Delaware,2020-12-01,57682.0,1128.0
Delaware,2021-01-01,77060.0,1436.0
Delaware,2021-02-01,86462.0,1618.0
Delaware,2021-03-01,94783.0,1709.0
Delaware,2021-04-01,103376.0,1783.0
Delaware,2021-05-01,107175.0,1824.0
Delaware,2021-06-01,108324.0,1852.0
Delaware,2021-07-01,109592.0,1865.0
Delaware,2021-08-01,116394.0,1915.0
Delaware,2021-09-01,131219.0,2044.0
Delaware,2021-10-01,141502.0,2149.0
Delaware,2021-11-01,149802.0,2236.0
Delaware,2021-12-01,176263.0,2390.0
Delaware,2022-01-01,244327.0,2685.0
Delaware,2022-02-01,254978.0,2863.0
Delaware,2022-03-01,257670.0,2929.0
Delaware,2022-04-01,261622.0,2952.0
Delaware,2022-05-01,274045.0,2982.0
Delaware,2022-06-01,284868.0,3022.0
Delaware,2022-07-01,293301.0,3060.0
Delaware,2022-08-01,302891.0,3106.0
Delaware,2022-09-01,308321.0,3142.0
Delaware,2022-10-01,312512.0,3170.0
Delaware,2022-11-01,316742.0,3210.0
Delaware,2022-12-01,321905.0,3253.0
Delaware,2023-01-01,327192.0,3303.0
Delaware,2023-02-01,330907.0,3348.0
Delaware,2023-03-01,332881.0,3383.0
Delaware,2023-04-01,333558.0,3394.0
Delaware,2023-05-01,333772.0,3394.0
District of Columbia,2020-01-01,0.0,0.0
District of Columbia,2020-02-01,0.0,0.0
District of Columbia,2020-03-01,231.0,3.0
District of Columbia,2020-04-01,4106.0,205.0
District of Columbia,2020-05-01,8406.0,445.0
District of Columbia,2020-06-01,10128.0,541.0
District of Columbia,2020-07-01,11999.0,584.0
District of Columbia,2020-08-01,13722.0,605.0
District of Columbia,2020-09-01,15326.0,627.0
District of Columbia,2020-10-01,16973.0,644.0
District of Columbia,2020-11-01,20516.0,677.0
District of Columbia,2020-12-01,28758.0,780.0
District of Columbia,2021-01-01,35865.0,895.0
District of Columbia,2021-02-01,39943.0,1001.0
District of Columbia,2021-03-01,44513.0,1064.0
District of Columbia,2021-04-01,47533.0,1104.0
District of Columbia,2021-05-01,48822.0,1131.0
District of Columbia,2021-06-01,49355.0,1141.0
District of Columbia,2021-07-01,50268.0,1148.0
District of Columbia,2021-08-01,54156.0,1155.0
District of Columbia,2021-09-01,60996.0,1174.0
District of Columbia,2021-10-01,63990.0,1187.0
District of Columbia,2021-11-01,66510.0,1196.0
District of Columbia,2021-12-01,92045.0,1210.0
District of Columbia,2022-01-01,129479.0,1282.0
District of Columbia,2022-02-01,134114.0,1317.0
District of Columbia,2022-03-01,136598.0,1331.0
District of Columbia,2022-04-01,141943.0,1340.0
District of Columbia,2022-05-01,148270.0,1342.0
District of Columbia,2022-06-01,156557.0,1349.0
District of Columbia,2022-07-01,162098.0,1363.0
District of Columbia,2022-08-01,166166.0,1381.0
District of Columbia,2022-09-01,168359.0,1383.0
District of Columbia,2022-10-01,169709.0,1392.0
District of Columbia,2022-11-01,171608.0,1407.0
District of Columbia,2022-12-01,174010.0,1411.0
District of Columbia,2023-01-01,176012.0,1422.0
District of Columbia,2023-02-01,177504.0,1427.0
District of Columbia,2023-03-01,178362.0,1432.0
District of Columbia,2023-04-01,178747.0,1434.0
District of Columbia,2023-05-01,178904.0,1435.0
Florida,2020-01-01,0.0,0.0
Florida,2020-02-01,0.0,0.0
Florida,2020-03-01,388.0,23.0
Florida,2020-04-01,28923.0,1218.0
Florida,2020-05-01,47818.0,2318.0
Florida,2020-06-01,86243.0,3283.0
Florida,2020-07-01,394934.0,6333.0
Florida,2020-08-01,581336.0,10733.0
Florida,2020-09-01,681188.0,14313.0
Florida,2020-10-01,756373.0,16566.0
Florida,2020-11-01,905357.0,18247.0
Florida,2020-12-01,1233862.0,21544.0
Florida,2021-01-01,1595444.0,25833.0
Florida,2021-02-01,1820028.0,30350.0
Florida,2021-03-01,1994902.0,33418.0
Florida,2021-04-01,2156090.0,35030.0
Florida,2021-05-01,2265402.0,36642.0
Florida,2021-06-01,2327425.0,37772.0
Florida,2021-07-01,2486313.0,38670.0
Florida,2021-08-01,3038973.0,42252.0
Florida,2021-09-01,3555492.0,53579.0
Florida,2021-10-01,3655587.0,58800.0
Florida,2021-11-01,3702425.0,61053.0
Florida,2021-12-01,3900279.0,62338.0
Florida,2022-01-01,5305952.0,63757.0
Florida,2022-02-01,5775345.0,68889.0
Florida,2022-03-01,5842014.0,73010.0
Florida,2022-04-01,5899784.0,73811.0
Florida,2022-05-01,6058762.0,74315.0
Florida,2022-06-01,6419521.0,75475.0
Florida,2022-07-01,6715686.0,76974.0
Florida,2022-08-01,6997836.0,79571.0
Florida,2022-09-01,7105803.0,81138.0
Florida,2022-10-01,7148361.0,82173.0
Florida,2022-11-01,7207036.0,83098.0
Florida,2022-12-01,7293317.0,83908.0
Florida,2023-01-01,7400186.0,84925.0
Florida,2023-02-01,7471773.0,86274.0
Florida,2023-03-01,7525616.0,87139.0
Florida,2023-04-01,7558324.0,87139.0
Florida,2023-05-01,7565345.0,87139.0
Georgia,2020-01-01,0.0,0.0
Georgia,2020-02-01,0.0,0.0
Georgia,2020-03-01,1242.0,40.0
Georgia,2020-04-01,25761.0,1097.0
Georgia,2020-05-01,44595.0,1925.0
Georgia,2020-06-01,69391.0,2702.0
Georgia,2020-07-01,178333.0,3639.0
Georgia,2020-08-01,260597.0,5306.0
Georgia,2020-09-01,318033.0,7016.0
Georgia,2020-10-01,355034.0,7873.0
Georgia,2020-11-01,457910.0,9296.0
Georgia,2020-12-01,654743.0,10843.0
Georgia,2021-01-01,885605.0,13646.0
Georgia,2021-02-01,994055.0,17060.0
Georgia,2021-03-01,1059551.0,19051.0
Georgia,2021-04-01,1097234.0,20071.0
Georgia,2021-05-01,1121313.0,20705.0
Georgia,2021-06-01,1134570.0,21408.0
Georgia,2021-07-01,1171232.0,21652.0
Georgia,2021-08-01,1348021.0,22399.0
Georgia,2021-09-01,1573836.0,25927.0
Georgia,2021-10-01,1631347.0,28851.0
Georgia,2021-11-01,1659480.0,30353.0
Georgia,2021-12-01,1792021.0,31353.0
Georgia,2022-01-01,2306025.0,32602.0
Georgia,2022-02-01,2458863.0,35093.0
Georgia,2022-03-01,2495557.0,36916.0
Georgia,2022-04-01,2514698.0,37789.0
Georgia,2022-05-01,2556016.0,38181.0
Georgia,2022-06-01,2647568.0,38571.0
Georgia,2022-07-01,2750915.0,39028.0
Georgia,2022-08-01,2870610.0,39740.0
Georgia,2022-09-01,2905264.0,40279.0
Georgia,2022-10-01,2920635.0,40625.0
Georgia,2022-11-01,2943519.0,41065.0
Georgia,2022-12-01,2985193.0,41412.0
Georgia,2023-01-01,3027850.0,41906.0
Georgia,2023-02-01,3049043.0,42236.0
Georgia,2023-03-01,3076237.0,42605.0
Georgia,2023-04-01,3084256.0,42743.0
Georgia,2023-05-01,3087729.0,42782.0
Hawaii,2020-01-01,0.0,0.0
Hawaii,2020-02-01,0.0,0.0
Hawaii,2020-03-01,105.0,1.0
Hawaii,2020-04-01,583.0,14.0
Hawaii,2020-05-01,647.0,14.0
Hawaii,2020-06-01,835.0,19.0
Hawaii,2020-07-01,1798.0,33.0
Hawaii,2020-08-01,7203.0,155.0
Hawaii,2020-09-01,12539.0,288.0
Hawaii,2020-10-01,15039.0,335.0
Hawaii,2020-11-01,17783.0,373.0
Hawaii,2020-12-01,21511.0,407.0
Hawaii,2021-01-01,25710.0,456.0
Hawaii,2021-02-01,27479.0,472.0
Hawaii,2021-03-01,30130.0,490.0
Hawaii,2021-04-01,32736.0,501.0
Hawaii,2021-05-01,35073.0,526.0
Hawaii,2021-06-01,36848.0,540.0
Hawaii,2021-07-01,40398.0,582.0
Hawaii,2021-08-01,57609.0,776.0
Hawaii,2021-09-01,78355.0,1034.0
Hawaii,2021-10-01,83135.0,1095.0
Hawaii,2021-11-01,86040.0,1121.0
Hawaii,2021-12-01,107038.0,1162.0
Hawaii,2022-01-01,211091.0,1356.0
Hawaii,2022-02-01,235821.0,1428.0
Hawaii,2022-03-01,240537.0,1444.0
Hawaii,2022-04-01,248362.0,1454.0
Hawaii,2022-05-01,275057.0,1495.0
Hawaii,2022-06-01,309695.0,1584.0
Hawaii,2022-07-01,326637.0,1626.0
Hawaii,2022-08-01,340326.0,1658.0
Hawaii,2022-09-01,345128.0,1679.0
Hawaii,2022-10-01,349609.0,1684.0
Hawaii,2022-11-01,354680.0,1705.0
Hawaii,2022-12-01,359236.0,1728.0
Hawaii,2023-01-01,363739.0,1753.0
Hawaii,2023-02-01,366213.0,1800.0
Hawaii,2023-03-01,369180.0,1823.0
Hawaii,2023-04-01,372862.0,1847.0
Hawaii,2023-05-01,374264.0,1856.0
Idaho,2020-01-01,0.0,0.0
Idaho,2020-02-01,0.0,0.0
Idaho,2020-03-01,90.0,0.0
Idaho,2020-04-01,1953.0,60.0
Idaho,2020-05-01,2699.0,81.0
Idaho,2020-06-01,4402.0,89.0
Idaho,2020-07-01,19673.0,173.0
Idaho,2020-08-01,30771.0,337.0
Idaho,2020-09-01,42048.0,469.0
Idaho,2020-10-01,61787.0,598.0
Idaho,2020-11-01,96504.0,895.0
Idaho,2020-12-01,139865.0,1404.0
Idaho,2021-01-01,161212.0,1714.0
Idaho,2021-02-01,170292.0,1839.0
Idaho,2021-03-01,180538.0,1962.0
Idaho,2021-04-01,187267.0,2043.0
Idaho,2021-05-01,191736.0,2087.0
Idaho,2021-06-01,194996.0,2152.0
Idaho,2021-07-01,199516.0,2190.0
Idaho,2021-08-01,216061.0,2315.0
Idaho,2021-09-01,255417.0,2854.0
Idaho,2021-10-01,288923.0,3500.0
Idaho,2021-11-01,305130.0,3891.0
Idaho,2021-12-01,318458.0,4160.0
Idaho,2022-01-01,368665.0,4357.0
Idaho,2022-02-01,419168.0,4713.0
Idaho,2022-03-01,443913.0,4871.0
Idaho,2022-04-01,445820.0,4921.0
Idaho,2022-05-01,450337.0,4934.0
Idaho,2022-06-01,462979.0,4969.0
Idaho,2022-07-01,477684.0,5027.0
Idaho,2022-08-01,489400.0,5114.0
Idaho,2022-09-01,495484.0,5170.0
Idaho,2022-10-01,499828.0,5215.0
Idaho,2022-11-01,506232.0,5265.0
Idaho,2022-12-01,511601.0,5312.0
Idaho,2023-01-01,515002.0,5354.0
Idaho,2023-02-01,518431.0,5390.0
Idaho,2023-03-01,523460.0,5452.0
Idaho,2023-04-01,525470.0,5472.0
Idaho,2023-05-01,526118.0,5479.0
Illinois,2020-01-01,1.0,0.0
Illinois,2020-02-01,2.0,0.0
Illinois,2020-03-01,1864.0,19.0
Illinois,2020-04-01,50356.0,2214.0
Illinois,2020-05-01,114312.0,5082.0
Illinois,2020-06-01,138540.0,6767.0
Illinois,2020-07-01,176364.0,7654.0
Illinois,2020-08-01,227047.0,8163.0
Illinois,2020-09-01,295723.0,8915.0
Illinois,2020-10-01,393800.0,9888.0
Illinois,2020-11-01,685467.0,12439.0
Illinois,2020-12-01,955381.0,17810.0
Illinois,2021-01-01,1112186.0,20950.0
Illinois,2021-02-01,1179343.0,22575.0
Illinois,2021-03-01,1244587.0,23576.0
Illinois,2021-04-01,1328455.0,24209.0
Illinois,2021-05-01,1378392.0,25056.0
Illinois,2021-06-01,1391743.0,25673.0
Illinois,2021-07-01,1415573.0,25892.0
Illinois,2021-08-01,1499022.0,26336.0
Illinois,2021-09-01,1624164.0,27620.0
Illinois,2021-10-01,1690273.0,28550.0
Illinois,2021-11-01,1784900.0,29258.0
Illinois,2021-12-01,2119162.0,30908.0
Illinois,2022-01-01,2867299.0,34131.0
Illinois,2022-02-01,3022577.0,36608.0
Illinois,2022-03-01,3066583.0,37644.0
Illinois,2022-04-01,3128136.0,37881.0
Illinois,2022-05-01,3274357.0,38114.0
Illinois,2022-06-01,3425979.0,38569.0
Illinois,2022-07-01,3550590.0,38846.0
Illinois,2022-08-01,3687549.0,39328.0
Illinois,2022-09-01,3758295.0,39664.0
Illinois,2022-10-01,3804664.0,39944.0
Illinois,2022-11-01,3877441.0,40296.0
Illinois,2022-12-01,3963196.0,40631.0
Illinois,2023-01-01,4019767.0,41085.0
Illinois,2023-02-01,4062200.0,41379.0
Illinois,2023-03-01,4108995.0,41697.0
Illinois,2023-04-01,4127624.0,41866.0
Illinois,2023-05-01,4136659.0,42005.0
Indiana,2020-01-01,0.0,0.0
Indiana,2020-02-01,0.0,0.0
Indiana,2020-03-01,479.0,34.0
Indiana,2020-04-01,17171.0,1115.0
Indiana,2020-05-01,32433.0,2033.0
Indiana,2020-06-01,43138.0,2504.0
Indiana,2020-07-01,64296.0,2864.0
Indiana,2020-08-01,89362.0,3202.0
Indiana,2020-09-01,120022.0,3643.0
Indiana,2020-10-01,169112.0,4382.0
Indiana,2020-11-01,312521.0,6021.0
Indiana,2020-12-01,505020.0,9314.0
Indiana,2021-01-01,617176.0,11137.0
Indiana,2021-02-01,658045.0,12467.0
Indiana,2021-03-01,686493.0,13038.0
Indiana,2021-04-01,717563.0,13311.0
Indiana,2021-05-01,741699.0,13571.0
Indiana,2021-06-01,753928.0,13848.0
Indiana,2021-07-01,768625.0,13993.0
Indiana,2021-08-01,833968.0,14340.0
Indiana,2021-09-01,961004.0,15624.0
Indiana,2021-10-01,1017792.0,16638.0
Indiana,2021-11-01,1084488.0,17386.0
Indiana,2021-12-01,1234919.0,18988.0
Indiana,2022-01-01,1574807.0,21056.0
Indiana,2022-02-01,1678628.0,22693.0
Indiana,2022-03-01,1691043.0,23403.0
Indiana,2022-04-01,1700770.0,23565.0
Indiana,2022-05-01,1727818.0,23688.0
Indiana,2022-06-01,1772183.0,23877.0
Indiana,2022-07-01,1823296.0,24085.0
Indiana,2022-08-01,1895799.0,24452.0
Indiana,2022-09-01,1921993.0,24707.0
Indiana,2022-10-01,1937565.0,24899.0
Indiana,2022-11-01,1965757.0,25164.0
Indiana,2022-12-01,2002760.0,25469.0
Indiana,2023-01-01,2024969.0,25861.0
Indiana,2023-02-01,2043069.0,26045.0
Indiana,2023-03-01,2060430.0,26262.0
Indiana,2023-04-01,2072430.0,26392.0
Indiana,2023-05-01,2076326.0,26446.0
Iowa,2020-01-01,0.0,0.0
Iowa,2020-02-01,0.0,0.0
Iowa,2020-03-01,146.0,1.0
Iowa,2020-04-01,6842.0,148.0
Iowa,2020-05-01,18368.0,496.0
Iowa,2020-06-01,26602.0,689.0
Iowa,2020-07-01,43626.0,854.0
Iowa,2020-08-01,58808.0,1071.0
Iowa,2020-09-01,89249.0,1357.0
Iowa,2020-10-01,120635.0,1690.0
Iowa,2020-11-01,221286.0,2300.0
Iowa,2020-12-01,280064.0,3822.0
Iowa,2021-01-01,316114.0,4500.0
Iowa,2021-02-01,334665.0,5414.0
Iowa,2021-03-01,351404.0,5741.0
Iowa,2021-04-01,364297.0,5931.0
Iowa,2021-05-01,371027.0,6044.0
Iowa,2021-06-01,373732.0,6138.0
Iowa,2021-07-01,378831.0,6183.0
Iowa,2021-08-01,400082.0,6268.0
Iowa,2021-09-01,451492.0,6563.0
Iowa,2021-10-01,483409.0,6965.0
Iowa,2021-11-01,518859.0,7354.0
Iowa,2021-12-01,573032.0,7858.0
Iowa,2022-01-01,699859.0,8499.0
Iowa,2022-02-01,747648.0,9083.0
Iowa,2022-03-01,758415.0,9429.0
Iowa,2022-04-01,763053.0,9528.0
Iowa,2022-05-01,776136.0,9586.0
Iowa,2022-06-01,796196.0,9688.0
Iowa,2022-07-01,816588.0,9781.0
Iowa,2022-08-01,842647.0,9939.0
Iowa,2022-09-01,855931.0,10075.0
Iowa,2022-10-01,862925.0,10177.0
Iowa,2022-11-01,873595.0,10294.0
Iowa,2022-12-01,886411.0,10422.0
Iowa,2023-01-01,894105.0,10566.0
Iowa,2023-02-01,900343.0,10671.0
Iowa,2023-03-01,908936.0,10797.0
Iowa,2023-04-01,908936.0,10797.0
Iowa,2023-05-01,908936.0,10797.0
Kansas,2020-01-01,0.0,0.0
Kansas,2020-02-01,0.0,0.0
Kansas,2020-03-01,133.0,3.0
Kansas,2020-04-01,3781.0,136.0
Kansas,2020-05-01,9200.0,217.0
Kansas,2020-06-01,12710.0,263.0
Kansas,2020-07-01,26492.0,353.0
Kansas,2020-08-01,39712.0,455.0
Kansas,2020-09-01,60842.0,699.0
Kansas,2020-10-01,83077.0,1026.0
Kansas,2020-11-01,149066.0,1551.0
Kansas,2020-12-01,224074.0,2800.0
Kansas,2021-01-01,273819.0,3749.0
Kansas,2021-02-01,294139.0,4684.0
Kansas,2021-03-01,302835.0,4888.0
Kansas,2021-04-01,308853.0,4974.0
Kansas,2021-05-01,313985.0,5056.0
Kansas,2021-06-01,318398.0,5150.0
Kansas,2021-07-01,329155.0,5245.0
Kansas,2021-08-01,362666.0,5544.0
Kansas,2021-09-01,409145.0,6057.0
Kansas,2021-10-01,433016.0,6353.0
Kansas,2021-11-01,461360.0,6682.0
Kansas,2021-12-01,519887.0,7022.0
Kansas,2022-01-01,710042.0,7410.0
Kansas,2022-02-01,764263.0,7936.0
Kansas,2022-03-01,770062.0,8301.0
Kansas,2022-04-01,773934.0,8599.0
Kansas,2022-05-01,785995.0,8888.0
Kansas,2022-06-01,807038.0,8914.0
Kansas,2022-07-01,834973.0,8937.0
Kansas,2022-08-01,864520.0,9021.0
Kansas,2022-09-01,875881.0,9088.0
Kansas,2022-10-01,887100.0,9608.0
Kansas,2022-11-01,901450.0,9679.0
Kansas,2022-12-01,916756.0,9715.0
Kansas,2023-01-01,926022.0,9944.0
Kansas,2023-02-01,934179.0,10034.0
Kansas,2023-03-01,941744.0,10135.0
Kansas,2023-04-01,944952.0,10183.0
Kansas,2023-05-01,945923.0,10214.0
Kentucky,2020-01-01,0.0,0.0
Kentucky,2020-02-01,0.0,0.0
Kentucky,2020-03-01,194.0,5.0
Kentucky,2020-04-01,4522.0,234.0
Kentucky,2020-05-01,9073.0,400.0
Kentucky,2020-06-01,14363.0,536.0
Kentucky,2020-07-01,28723.0,720.0
Kentucky,2020-08-01,45237.0,901.0
Kentucky,2020-09-01,68841.0,1173.0
Kentucky,2020-10-01,101496.0,1441.0
Kentucky,2020-11-01,166140.0,1835.0
Kentucky,2020-12-01,264829.0,2621.0
Kentucky,2021-01-01,362521.0,3495.0
Kentucky,2021-02-01,406774.0,4476.0
Kentucky,2021-03-01,428910.0,6064.0
Kentucky,2021-04-01,443722.0,6473.0
Kentucky,2021-05-01,455181.0,6721.0
Kentucky,2021-06-01,461625.0,7213.0
Kentucky,2021-07-01,478426.0,7320.0
Kentucky,2021-08-01,561517.0,7573.0
Kentucky,2021-09-01,701499.0,8633.0
Kentucky,2021-10-01,746669.0,9665.0
Kentucky,2021-11-01,783595.0,10760.0
Kentucky,2021-12-01,872477.0,12097.0
Kentucky,2022-01-01,1183605.0,12786.0
Kentucky,2022-02-01,1313545.0,13664.0
Kentucky,2022-03-01,1331271.0,14895.0
Kentucky,2022-04-01,1336711.0,15413.0
Kentucky,2022-05-01,1362188.0,15904.0
Kentucky,2022-06-01,1410842.0,16144.0
Kentucky,2022-07-01,1473937.0,16351.0
Kentucky,2022-08-01,1561006.0,16679.0
Kentucky,2022-09-01,1595926.0,16969.0
Kentucky,2022-10-01,1613619.0,17261.0
Kentucky,2022-11-01,1640113.0,17501.0
Kentucky,2022-12-01,1668647.0,17670.0
Kentucky,2023-01-01,1694311.0,17838.0
Kentucky,2023-02-01,1717103.0,18055.0
Kentucky,2023-03-01,1733583.0,18292.0
Kentucky,2023-04-01,1740761.0,18512.0
Kentucky,2023-05-01,1743117.0,18623.0
Louisiana,2020-01-01,0.0,0.0
Louisiana,2020-02-01,0.0,0.0
Louisiana,2020-03-01,1796.0,65.0
Louisiana,2020-04-01,27660.0,1841.0
Louisiana,2020-05-01,38486.0,2721.0
Louisiana,2020-06-01,52477.0,3151.0
Louisiana,2020-07-01,112773.0,3882.0
Louisiana,2020-08-01,145722.0,4851.0
Louisiana,2020-09-01,167455.0,5511.0
Louisiana,2020-10-01,185830.0,5890.0
Louisiana,2020-11-01,225639.0,6350.0
Louisiana,2020-12-01,311230.0,7448.0
Louisiana,2021-01-01,392414.0,8688.0
Louisiana,2021-02-01,426930.0,9527.0
Louisiana,2021-03-01,444874.0,10141.0
Louisiana,2021-04-01,457351.0,10366.0
Louisiana,2021-05-01,469842.0,10561.0
Louisiana,2021-06-01,481472.0,10735.0
Louisiana,2021-07-01,531952.0,10948.0
Louisiana,2021-08-01,671237.0,12225.0
Louisiana,2021-09-01,739661.0,13900.0
Louisiana,2021-10-01,757739.0,14504.0
Louisiana,2021-11-01,769051.0,14770.0
Louisiana,2021-12-01,816228.0,14981.0
Louisiana,2022-01-01,1145204.0,15521.0
Louisiana,2022-02-01,1223983.0,16556.0
Louisiana,2022-03-01,1232212.0,17116.0
Louisiana,2022-04-01,1237276.0,17229.0
Louisiana,2022-05-01,1254595.0,17313.0
Louisiana,2022-06-01,1305499.0,17405.0
Louisiana,2022-07-01,1372134.0,17550.0
Louisiana,2022-08-01,1431011.0,17870.0
Louisiana,2022-09-01,1454450.0,18045.0
Louisiana,2022-10-01,1461433.0,18167.0
Louisiana,2022-11-01,1473092.0,18274.0
Louisiana,2022-12-01,1514113.0,18370.0
Louisiana,2023-01-01,1538276.0,18525.0
Louisiana,2023-02-01,1566105.0,18704.0
Louisiana,2023-03-01,1576509.0,18800.0
Louisiana,2023-04-01,1594237.0,18912.0
Louisiana,2023-05-01,1600610.0,18971.0
Maine,2020-01-01,0.0,0.0
Maine,2020-02-01,0.0,0.0
Maine,2020-03-01,142.0,0.0
Maine,2020-04-01,1054.0,52.0
Maine,2020-05-01,2136.0,81.0
Maine,2020-06-01,3018.0,103.0
Maine,2020-07-01,3865.0,121.0
Maine,2020-08-01,4388.0,132.0
Maine,2020-09-01,5389.0,141.0
Maine,2020-10-01,6386.0,146.0
Maine,2020-11-01,11027.0,189.0
Maine,2020-12-01,24201.0,346.0
Maine,2021-01-01,38454.0,566.0
Maine,2021-02-01,44118.0,699.0
Maine,2021-03-01,50788.0,743.0
Maine,2021-04-01,60945.0,781.0
Maine,2021-05-01,67424.0,825.0
Maine,2021-06-01,69054.0,858.0
Maine,2021-07-01,70262.0,899.0
Maine,2021-08-01,74703.0,926.0
Maine,2021-09-01,89989.0,1022.0
Maine,2021-10-01,102469.0,1154.0
Maine,2021-11-01,118489.0,1303.0
Maine,2021-12-01,145629.0,1525.0
Maine,2022-01-01,171524.0,1728.0
Maine,2022-02-01,222925.0,1971.0
Maine,2022-03-01,235790.0,2202.0
Maine,2022-04-01,243592.0,2282.0
Maine,2022-05-01,261587.0,2346.0
Maine,2022-06-01,269926.0,2415.0
Maine,2022-07-01,275482.0,2465.0
Maine,2022-08-01,283147.0,2512.0
Maine,2022-09-01,289066.0,2577.0
Maine,2022-10-01,296746.0,2642.0
Maine,2022-11-01,301560.0,2722.0
Maine,2022-12-01,305984.0,2784.0
Maine,2023-01-01,310902.0,2858.0
Maine,2023-02-01,315068.0,2917.0
Maine,2023-03-01,320678.0,2972.0
Maine,2023-04-01,322448.0,3026.0
Maine,2023-05-01,322982.0,3038.0
Maryland,2020-01-01,0.0,0.0
Maryland,2020-02-01,0.0,0.0
Maryland,2020-03-01,425.0,4.0
Maryland,2020-04-01,20850.0,1077.0
Maryland,2020-05-01,48426.0,2392.0
Maryland,2020-06-01,65338.0,3107.0
Maryland,2020-07-01,86290.0,3477.0
Maryland,2020-08-01,105486.0,3716.0
Maryland,2020-09-01,124726.0,3948.0
Maryland,2020-10-01,142425.0,4115.0
Maryland,2020-11-01,188161.0,4518.0
Maryland,2020-12-01,273689.0,5850.0
Maryland,2021-01-01,346559.0,6996.0
Maryland,2021-02-01,378490.0,7789.0
Maryland,2021-03-01,411344.0,8286.0
Maryland,2021-04-01,445493.0,8709.0
Maryland,2021-05-01,458879.0,9037.0
Maryland,2021-06-01,462279.0,9741.0
Maryland,2021-07-01,466931.0,9813.0
Maryland,2021-08-01,489930.0,9966.0
Maryland,2021-09-01,530861.0,10426.0
Maryland,2021-10-01,557923.0,10841.0
Maryland,2021-11-01,580496.0,11148.0
Maryland,2021-12-01,692261.0,11703.0
Maryland,2022-01-01,965101.0,13280.0
Maryland,2022-02-01,999229.0,14062.0
Maryland,2022-03-01,1011498.0,14344.0
Maryland,2022-04-01,1028753.0,14440.0
Maryland,2022-05-01,1078122.0,14580.0
Maryland,2022-06-01,1132805.0,14784.0
Maryland,2022-07-01,1175517.0,14962.0
Maryland,2022-08-01,1223111.0,15188.0
Maryland,2022-09-01,1248321.0,15386.0
Maryland,2022-10-01,1265975.0,15531.0
Maryland,2022-11-01,1288308.0,15734.0
Maryland,2022-12-01,1314971.0,15939.0
Maryland,2023-01-01,1342082.0,16222.0
Maryland,2023-02-01,1359115.0,16437.0
Maryland,2023-03-01,1371341.0,16629.0
Maryland,2023-04-01,1377152.0,16710.0
Maryland,2023-05-01,1379385.0,16740.0
Massachusetts,2020-01-01,1.0,0.0
Massachusetts,2020-02-01,2.0,0.0
Massachusetts,2020-03-01,4363.0,15.0
Massachusetts,2020-04-01,64814.0,3406.0
Massachusetts,2020-05-01,95604.0,6547.0
Massachusetts,2020-06-01,103368.0,7938.0
Massachusetts,2020-07-01,111129.0,8580.0
Massachusetts,2020-08-01,119474.0,8987.0
Massachusetts,2020-09-01,132137.0,9456.0
Massachusetts,2020-10-01,154238.0,9924.0
Massachusetts,2020-11-01,214594.0,10604.0
Massachusetts,2020-12-01,367918.0,12338.0
Massachusetts,2021-01-01,509503.0,14304.0
Massachusetts,2021-02-01,573885.0,15945.0
Massachusetts,2021-03-01,635580.0,17185.0
Massachusetts,2021-04-01,686243.0,17578.0
Massachusetts,2021-05-01,706027.0,17839.0
Massachusetts,2021-06-01,709966.0,17992.0
Massachusetts,2021-07-01,717944.0,18071.0
Massachusetts,2021-08-01,750248.0,18199.0
Massachusetts,2021-09-01,810319.0,18600.0
Massachusetts,2021-10-01,848947.0,18970.0
Massachusetts,2021-11-01,904407.0,19265.0
Massachusetts,2021-12-01,1095825.0,19853.0
Massachusetts,2022-01-01,1580605.0,19977.0
Massachusetts,2022-02-01,1666622.0,19981.0
Massachusetts,2022-03-01,1697165.0,20098.0
Massachusetts,2022-04-01,1749776.0,20247.0
Massachusetts,2022-05-01,1855500.0,20544.0
Massachusetts,2022-06-01,1922647.0,20932.0
Massachusetts,2022-07-01,1955844.0,21127.0
Massachusetts,2022-08-01,2005250.0,21389.0
Massachusetts,2022-09-01,2040602.0,21646.0
Massachusetts,2022-10-01,2086638.0,22023.0
Massachusetts,2022-11-01,2115549.0,22488.0
Massachusetts,2022-12-01,2154886.0,22940.0
Massachusetts,2023-01-01,2193582.0,23593.0
Massachusetts,2023-02-01,2216870.0,24130.0
Massachusetts,2023-03-01,2232657.0,24507.0
Massachusetts,2023-04-01,2239750.0,24612.0
Massachusetts,2023-05-01,2242176.0,24644.0
Michigan,2020-01-01,0.0,0.0
Michigan,2020-02-01,0.0,0.0
Michigan,2020-03-01,2465.0,51.0
Michigan,2020-04-01,42373.0,3869.0
Michigan,2020-05-01,60590.0,5573.0
Michigan,2020-06-01,68556.0,6114.0
Michigan,2020-07-01,88969.0,6419.0
Michigan,2020-08-01,109484.0,6688.0
Michigan,2020-09-01,138010.0,7078.0
Michigan,2020-10-01,185936.0,7602.0
Michigan,2020-11-01,352433.0,9170.0
Michigan,2020-12-01,528593.0,13014.0
Michigan,2021-01-01,604227.0,15317.0
Michigan,2021-02-01,641268.0,16389.0
Michigan,2021-03-01,746351.0,17120.0
Michigan,2021-04-01,928407.0,18601.0
Michigan,2021-05-01,989999.0,20241.0
Michigan,2021-06-01,999961.0,20989.0
Michigan,2021-07-01,1008428.0,21157.0
Michigan,2021-08-01,1050153.0,21445.0
Michigan,2021-09-01,1150064.0,22356.0
Michigan,2021-10-01,1265381.0,23527.0
Michigan,2021-11-01,1447230.0,25243.0
Michigan,2021-12-01,1710325.0,29020.0
Michigan,2022-01-01,2203646.0,31985.0
Michigan,2022-02-01,2350468.0,34369.0
Michigan,2022-03-01,2387497.0,35652.0
Michigan,2022-04-01,2425946.0,35996.0
Michigan,2022-05-01,2527831.0,36351.0
Michigan,2022-06-01,2606431.0,36913.0
Michigan,2022-07-01,2672312.0,37426.0
Michigan,2022-08-01,2770359.0,38038.0
Michigan,2022-09-01,2836167.0,38623.0
Michigan,2022-10-01,2886176.0,39249.0
Michigan,2022-11-01,2938443.0,40085.0
Michigan,2022-12-01,2988654.0,40766.0
Michigan,2023-01-01,3024475.0,41444.0
Michigan,2023-02-01,3049739.0,41956.0
Michigan,2023-03-01,3084114.0,42453.0
Michigan,2023-04-01,3101014.0,42748.0
Michigan,2023-05-01,3106362.0,42873.0
Minnesota,2020-01-01,0.0,0.0
Minnesota,2020-02-01,0.0,0.0
Minnesota,2020-03-01,283.0,10.0
Minnesota,2020-04-01,4639.0,554.0
Minnesota,2020-05-01,22393.0,1331.0
Minnesota,2020-06-01,33700.0,1583.0
Minnesota,2020-07-01,52812.0,1744.0
Minnesota,2020-08-01,71104.0,1975.0
Minnesota,2020-09-01,99023.0,2307.0
Minnesota,2020-10-01,139232.0,2854.0
Minnesota,2020-11-01,288759.0,4660.0
Minnesota,2020-12-01,412377.0,6365.0
Minnesota,2021-01-01,456613.0,6823.0
Minnesota,2021-02-01,480285.0,6980.0
Minnesota,2021-03-01,519018.0,7297.0
Minnesota,2021-04-01,571445.0,7554.0
Minnesota,2021-05-01,599287.0,7702.0
Minnesota,2021-06-01,604959.0,7744.0
Minnesota,2021-07-01,611101.0,7783.0
Minnesota,2021-08-01,640059.0,7980.0
Minnesota,2021-09-01,707908.0,8521.0
Minnesota,2021-10-01,781358.0,9148.0
Minnesota,2021-11-01,890942.0,10143.0
Minnesota,2021-12-01,1015218.0,11263.0
Minnesota,2022-01-01,1279853.0,12027.0
Minnesota,2022-02-01,1409761.0,12540.0
Minnesota,2022-03-01,1428858.0,12651.0
Minnesota,2022-04-01,1448803.0,12710.0
Minnesota,2022-05-01,1500462.0,12854.0
Minnesota,2022-06-01,1552792.0,13035.0
Minnesota,2022-07-01,1590518.0,13154.0
Minnesota,2022-08-01,1639163.0,13341.0
Minnesota,2022-09-01,1664763.0,13493.0
Minnesota,2022-10-01,1686001.0,13667.0
Minnesota,2022-11-01,1713078.0,13934.0
Minnesota,2022-12-01,1734641.0,14130.0
Minnesota,2023-01-01,1752889.0,14307.0
Minnesota,2023-02-01,1769992.0,14419.0
Minnesota,2023-03-01,1786691.0,14584.0
Minnesota,2023-04-01,1793332.0,14720.0
Minnesota,2023-05-01,1795771.0,14770.0
Mississippi,2020-01-01,0.0,0.0
Mississippi,2020-02-01,0.0,0.0
Mississippi,2020-03-01,377.0,3.0
Mississippi,2020-04-01,6565.0,250.0
Mississippi,2020-05-01,14050.0,670.0
Mississippi,2020-06-01,23434.0,1011.0
Mississippi,2020-07-01,55804.0,1561.0
Mississippi,2020-08-01,80098.0,2371.0
Mississippi,2020-09-01,98191.0,2968.0
Mississippi,2020-10-01,117617.0,3302.0
Mississippi,2020-11-01,145636.0,3745.0
Mississippi,2020-12-01,213055.0,4747.0
Mississippi,2021-01-01,268672.0,5917.0
Mississippi,2021-02-01,291892.0,6605.0
Mississippi,2021-03-01,305146.0,7032.0
Mississippi,2021-04-01,311359.0,7193.0
Mississippi,2021-05-01,317064.0,7301.0
Mississippi,2021-06-01,321764.0,7412.0
Mississippi,2021-07-01,339954.0,7529.0
Mississippi,2021-08-01,420174.0,8180.0
Mississippi,2021-09-01,487293.0,9588.0
Mississippi,2021-10-01,503666.0,10059.0
Mississippi,2021-11-01,512632.0,10261.0
Mississippi,2021-12-01,538852.0,10439.0
Mississippi,2022-01-01,705598.0,10774.0
Mississippi,2022-02-01,787939.0,11953.0
Mississippi,2022-03-01,794427.0,12396.0
Mississippi,2022-04-01,797249.0,12439.0
Mississippi,2022-05-01,805800.0,12466.0
Mississippi,2022-06-01,832212.0,12516.0
Mississippi,2022-07-01,872265.0,12629.0
Mississippi,2022-08-01,913049.0,12794.0
Mississippi,2022-09-01,927465.0,12912.0
Mississippi,2022-10-01,933065.0,12968.0
Mississippi,2022-11-01,940023.0,13036.0
Mississippi,2022-12-01,955145.0,13097.0
Mississippi,2023-01-01,974487.0,13191.0
Mississippi,2023-02-01,987105.0,13320.0
Mississippi,2023-03-01,994313.0,13419.0
Mississippi,2023-04-01,998627.0,13447.0
Mississippi,2023-05-01,1000415.0,13474.0
Missouri,2020-01-01,0.0,0.0
Missouri,2020-02-01,0.0,0.0
Missouri,2020-03-01,417.0,7.0
Missouri,2020-04-01,7596.0,447.0
Missouri,2020-05-01,12914.0,867.0
Missouri,2020-06-01,19757.0,1085.0
Missouri,2020-07-01,48856.0,1388.0
Missouri,2020-08-01,79840.0,1847.0
Missouri,2020-09-01,133131.0,2623.0
Missouri,2020-10-01,184999.0,3629.0
Missouri,2020-11-01,303511.0,5419.0
Missouri,2020-12-01,430300.0,8158.0
Missouri,2021-01-01,512607.0,9805.0
Missouri,2021-02-01,545392.0,10585.0
Missouri,2021-03-01,566777.0,10950.0
Missouri,2021-04-01,584076.0,11163.0
Missouri,2021-05-01,598140.0,11369.0
Missouri,2021-06-01,620218.0,11657.0
Missouri,2021-07-01,674619.0,12242.0
Missouri,2021-08-01,748241.0,13487.0
Missouri,2021-09-01,820742.0,14748.0
Missouri,2021-10-01,853316.0,15363.0
Missouri,2021-11-01,891479.0,15824.0
Missouri,2021-12-01,997414.0,16891.0
Missouri,2022-01-01,1296011.0,18663.0
Missouri,2022-02-01,1386752.0,20079.0
Missouri,2022-03-01,1405248.0,20530.0
Missouri,2022-04-01,1419080.0,20651.0
Missouri,2022-05-01,1445982.0,20728.0
Missouri,2022-06-01,1503043.0,20869.0
Missouri,2022-07-01,1560462.0,21092.0
Missouri,2022-08-01,1614232.0,21420.0
Missouri,2022-09-01,1646898.0,21628.0
Missouri,2022-10-01,1666306.0,21802.0
Missouri,2022-11-01,1693076.0,22011.0
Missouri,2022-12-01,1723473.0,22249.0
Missouri,2023-01-01,1744569.0,22474.0
Missouri,2023-02-01,1760532.0,22619.0
Missouri,2023-03-01,1777894.0,22734.0
Missouri,2023-04-01,1787261.0,22866.0
Missouri,2023-05-01,1790763.0,22931.0
Montana,2020-01-01,0.0,0.0
Montana,2020-02-01,0.0,0.0
Montana,2020-03-01,65.0,0.0
Montana,2020-04-01,451.0,16.0
Montana,2020-05-01,481.0,17.0
Montana,2020-06-01,765.0,21.0
Montana,2020-07-01,3673.0,54.0
Montana,2020-08-01,6787.0,98.0
Montana,2020-09-01,13072.0,180.0
Montana,2020-10-01,29968.0,325.0
Montana,2020-11-01,58568.0,650.0
Montana,2020-12-01,81225.0,947.0
Montana,2021-01-01,92539.0,1197.0
Montana,2021-02-01,99237.0,1347.0
Montana,2021-03-01,104541.0,1434.0
Montana,2021-04-01,108482.0,1564.0
Montana,2021-05-01,111455.0,1605.0
Montana,2021-06-01,113752.0,1664.0
Montana,2021-07-01,115889.0,1704.0
Montana,2021-08-01,124277.0,1773.0
Montana,2021-09-01,149824.0,2001.0
Montana,2021-10-01,174084.0,2321.0
Montana,2021-11-01,189678.0,2611.0
Montana,2021-12-01,197060.0,2904.0
Montana,2022-01-01,233056.0,2988.0
Montana,2022-02-01,264274.0,3153.0
Montana,2022-03-01,272542.0,3246.0
Montana,2022-04-01,273782.0,3353.0
Montana,2022-05-01,277497.0,3400.0
Montana,2022-06-01,287143.0,3445.0
Montana,2022-07-01,296598.0,3469.0
Montana,2022-08-01,305560.0,3502.0
Montana,2022-09-01,310731.0,3520.0
Montana,2022-10-01,314564.0,3574.0
Montana,2022-11-01,319023.0,3600.0
Montana,2022-12-01,323054.0,3620.0
Montana,2023-01-01,325752.0,3639.0
Montana,2023-02-01,328667.0,3651.0
Montana,2023-03-01,331907.0,3698.0
Montana,2023-04-01,333508.0,3709.0
Montana,2023-05-01,333959.0,3715.0
Nebraska,2020-01-01,0.0,0.0
Nebraska,2020-02-01,0.0,0.0
Nebraska,2020-03-01,74.0,0.0
Nebraska,2020-04-01,3796.0,118.0
Nebraska,2020-05-01,12515.0,274.0
Nebraska,2020-06-01,17599.0,348.0
Nebraska,2020-07-01,24655.0,427.0
Nebraska,2020-08-01,31743.0,532.0
Nebraska,2020-09-01,44036.0,684.0
Nebraska,2020-10-01,65226.0,1021.0
Nebraska,2020-11-01,117895.0,1741.0
Nebraska,2020-12-01,162644.0,2247.0
Nebraska,2021-01-01,186481.0,2489.0
Nebraska,2021-02-01,197529.0,2562.0
Nebraska,2021-03-01,207929.0,2626.0
Nebraska,2021-04-01,216609.0,2683.0
Nebraska,2021-05-01,219994.0,2729.0
Nebraska,2021-06-01,221315.0,2746.0
Nebraska,2021-07-01,224716.0,2801.0
Nebraska,2021-08-01,237045.0,2923.0
Nebraska,2021-09-01,262459.0,3145.0
Nebraska,2021-10-01,279491.0,3309.0
Nebraska,2021-11-01,303596.0,3554.0
Nebraska,2021-12-01,336062.0,3857.0
Nebraska,2022-01-01,439853.0,4160.0
Nebraska,2022-02-01,465651.0,4286.0
Nebraska,2022-03-01,469275.0,4306.0
Nebraska,2022-04-01,471572.0,4317.0
Nebraska,2022-05-01,477709.0,4327.0
Nebraska,2022-06-01,491781.0,4353.0
Nebraska,2022-07-01,506962.0,4377.0
Nebraska,2022-08-01,522179.0,4392.0
Nebraska,2022-09-01,528960.0,4524.0
Nebraska,2022-10-01,533603.0,4550.0
Nebraska,2022-11-01,543131.0,4662.0
Nebraska,2022-12-01,555094.0,4684.0
Nebraska,2023-01-01,559704.0,4746.0
Nebraska,2023-02-01,564345.0,4876.0
Nebraska,2023-03-01,571602.0,5014.0
Nebraska,2023-04-01,574379.0,5063.0
Nebraska,2023-05-01,575134.0,5089.0
Nevada,2020-01-01,0.0,0.0
Nevada,2020-02-01,0.0,0.0
Nevada,2020-03-01,323.0,6.0
Nevada,2020-04-01,4934.0,230.0
Nevada,2020-05-01,8149.0,402.0
Nevada,2020-06-01,14360.0,494.0
Nevada,2020-07-01,45807.0,780.0
Nevada,2020-08-01,66667.0,1250.0
Nevada,2020-09-01,79980.0,1600.0
Nevada,2020-10-01,97479.0,1766.0
Nevada,2020-11-01,142239.0,2071.0
Nevada,2020-12-01,222595.0,3063.0
Nevada,2021-01-01,273873.0,4134.0
Nevada,2021-02-01,292059.0,4920.0
Nevada,2021-03-01,303762.0,5249.0
Nevada,2021-04-01,314475.0,5448.0
Nevada,2021-05-01,323249.0,5570.0
Nevada,2021-06-01,333712.0,5681.0
Nevada,2021-07-01,353743.0,5874.0
Nevada,2021-08-01,384116.0,6376.0
Nevada,2021-09-01,420115.0,7107.0
Nevada,2021-10-01,437452.0,7599.0
Nevada,2021-11-01,454726.0,7971.0
Nevada,2021-12-01,481330.0,8406.0
Nevada,2022-01-01,636701.0,8836.0
Nevada,2022-02-01,673512.0,9573.0
Nevada,2022-03-01,706754.0,10091.0
Nevada,2022-04-01,712280.0,10751.0
Nevada,2022-05-01,728449.0,10872.0
Nevada,2022-06-01,766699.0,11039.0
Nevada,2022-07-01,819041.0,11221.0
Nevada,2022-08-01,833960.0,11400.0
Nevada,2022-09-01,847332.0,11501.0
Nevada,2022-10-01,852958.0,11555.0
Nevada,2022-11-01,864406.0,11630.0
Nevada,2022-12-01,876115.0,11751.0
Nevada,2023-01-01,882909.0,11866.0
Nevada,2023-02-01,884178.0,11867.0
Nevada,2023-03-01,893836.0,11957.0
Nevada,2023-04-01,897265.0,11984.0
Nevada,2023-05-01,898511.0,12008.0
New Hampshire,2020-01-01,0.0,0.0
New Hampshire,2020-02-01,0.0,0.0
New Hampshire,2020-03-01,108.0,1.0
New Hampshire,2020-04-01,2058.0,60.0
New Hampshire,2020-05-01,4286.0,223.0
New Hampshire,2020-06-01,5598.0,347.0
New Hampshire,2020-07-01,6513.0,411.0
New Hampshire,2020-08-01,7156.0,429.0
New Hampshire,2020-09-01,8267.0,439.0
New Hampshire,2020-10-01,10641.0,478.0
New Hampshire,2020-11-01,18846.0,514.0
New Hampshire,2020-12-01,43242.0,741.0
New Hampshire,2021-01-01,63563.0,1006.0
New Hampshire,2021-02-01,74258.0,1157.0
New Hampshire,2021-03-01,84176.0,1238.0
New Hampshire,2021-04-01,94405.0,1297.0
New Hampshire,2021-05-01,98470.0,1346.0
New Hampshire,2021-06-01,99505.0,1372.0
New Hampshire,2021-07-01,100465.0,1386.0
New Hampshire,2021-08-01,105883.0,1408.0
New Hampshire,2021-09-01,119720.0,1479.0
New Hampshire,2021-10-01,132441.0,1544.0
New Hampshire,2021-11-01,155711.0,1683.0
New Hampshire,2021-12-01,196656.0,1950.0
New Hampshire,2022-01-01,267800.0,2173.0
New Hampshire,2022-02-01,295701.0,2368.0
New Hampshire,2022-03-01,302383.0,2452.0
New Hampshire,2022-04-01,309193.0,2477.0
New Hampshire,2022-05-01,323326.0,2528.0
New Hampshire,2022-06-01,331883.0,2582.0
New Hampshire,2022-07-01,337834.0,2623.0
New Hampshire,2022-08-01,344386.0,2662.0
New Hampshire,2022-09-01,349851.0,2703.0
New Hampshire,2022-10-01,356348.0,2737.0
New Hampshire,2022-11-01,361375.0,2816.0
New Hampshire,2022-12-01,366957.0,2852.0
New Hampshire,2023-01-01,372783.0,2929.0
New Hampshire,2023-02-01,376513.0,2984.0
New Hampshire,2023-03-01,379998.0,3018.0
New Hampshire,2023-04-01,381441.0,3038.0
New Hampshire,2023-05-01,382013.0,3052.0
New Jersey,2020-01-01,0.0,0.0
New Jersey,2020-02-01,0.0,0.0
New Jersey,2020-03-01,4402.0,81.0
New Jersey,2020-04-01,116365.0,8254.0
New Jersey,2020-05-01,156909.0,13143.0
New Jersey,2020-06-01,170068.0,14872.0
New Jersey,2020-07-01,182797.0,15778.0
New Jersey,2020-08-01,193652.0,15914.0
New Jersey,2020-09-01,210663.0,16122.0
New Jersey,2020-10-01,243995.0,16324.0
New Jersey,2020-11-01,345398.0,16886.0
New Jersey,2020-12-01,523295.0,18952.0
New Jersey,2021-01-01,676537.0,21220.0
New Jersey,2021-02-01,775386.0,23077.0
New Jersey,2021-03-01,908816.0,24561.0
New Jersey,2021-04-01,993123.0,25508.0
New Jersey,2021-05-01,1014971.0,26159.0
New Jersey,2021-06-01,1023417.0,26456.0
New Jersey,2021-07-01,1035975.0,26587.0
New Jersey,2021-08-01,1079900.0,26795.0
New Jersey,2021-09-01,1152243.0,27400.0
New Jersey,2021-10-01,1193201.0,27929.0
New Jersey,2021-11-01,1238359.0,28308.0
New Jersey,2021-12-01,1495354.0,28967.0
New Jersey,2022-01-01,2085385.0,31029.0
New Jersey,2022-02-01,2161191.0,32800.0
New Jersey,2022-03-01,2198339.0,33225.0
New Jersey,2022-04-01,2252044.0,33411.0
New Jersey,2022-05-01,2370508.0,33651.0
New Jersey,2022-06-01,2484840.0,34036.0
New Jersey,2022-07-01,2582494.0,34250.0
New Jersey,2022-08-01,2676932.0,34551.0
New Jersey,2022-09-01,2735732.0,34732.0
New Jersey,2022-10-01,2787227.0,34867.0
New Jersey,2022-11-01,2848609.0,35124.0
New Jersey,2022-12-01,2919724.0,35459.0
New Jersey,2023-01-01,2991112.0,35761.0
New Jersey,2023-02-01,3036231.0,35940.0
New Jersey,2023-03-01,3060785.0,36070.0
New Jersey,2023-04-01,3072009.0,36115.0
New Jersey,2023-05-01,3075271.0,36118.0
New Mexico,2020-01-01,0.0,0.0
New Mexico,2020-02-01,0.0,0.0
New Mexico,2020-03-01,113.0,1.0
New Mexico,2020-04-01,3213.0,112.0
New Mexico,2020-05-01,7251.0,329.0
New Mexico,2020-06-01,10990.0,480.0
New Mexico,2020-07-01,20136.0,632.0
New Mexico,2020-08-01,24730.0,755.0
New Mexico,2020-09-01,29434.0,877.0
New Mexico,2020-10-01,43827.0,991.0
New Mexico,2020-11-01,88102.0,1451.0
New Mexico,2020-12-01,141186.0,2436.0
New Mexico,2021-01-01,171047.0,3198.0
New Mexico,2021-02-01,183779.0,3657.0
New Mexico,2021-03-01,191649.0,3935.0
New Mexico,2021-04-01,197213.0,4048.0
New Mexico,2021-05-01,202570.0,4254.0
New Mexico,2021-06-01,205544.0,4340.0
New Mexico,2021-07-01,209684.0,4407.0
New Mexico,2021-08-01,227636.0,4488.0
New Mexico,2021-09-01,252017.0,4788.0
New Mexico,2021-10-01,272855.0,5027.0
New Mexico,2021-11-01,308091.0,5310.0
New Mexico,2021-12-01,347831.0,5829.0
New Mexico,2022-01-01,460062.0,6357.0
New Mexico,2022-02-01,509704.0,6851.0
New Mexico,2022-03-01,517743.0,7255.0
New Mexico,2022-04-01,521814.0,7465.0
New Mexico,2022-05-01,532240.0,7731.0
New Mexico,2022-06-01,562791.0,7928.0
New Mexico,2022-07-01,588805.0,8224.0
New Mexico,2022-08-01,611305.0,8447.0
New Mexico,2022-09-01,618125.0,8563.0
New Mexico,2022-10-01,626168.0,8631.0
New Mexico,2022-11-01,646566.0,8701.0
New Mexico,2022-12-01,658364.0,8792.0
New Mexico,2023-01-01,664024.0,8931.0
New Mexico,2023-02-01,668288.0,9016.0
New Mexico,2023-03-01,674675.0,9106.0
New Mexico,2023-04-01,679483.0,9192.0
New Mexico,2023-05-01,681242.0,9236.0
New York,2020-01-01,0.0,0.0
New York,2020-02-01,0.0,0.0
New York,2020-03-01,12985.0,116.0
New York,2020-04-01,134850.0,9292.0
New York,2020-05-01,164997.0,8191.0
New York,2020-06-01,176318.0,8709.0
New York,2020-07-01,189042.0,8923.0
New York,2020-08-01,198515.0,9012.0
New York,2020-09-01,214608.0,9263.0
New York,2020-10-01,240130.0,9446.0
New York,2020-11-01,313075.0,9900.0
New York,2020-12-01,537372.0,12568.0
New York,2021-01-01,784719.0,15972.0
New York,2021-02-01,903553.0,17986.0
New York,2021-03-01,1026346.0,18890.0
New York,2021-04-01,1114602.0,19441.0
New York,2021-05-01,1148803.0,19769.0
New York,2021-06-01,1157569.0,19947.0
New York,2021-07-01,1169008.0,19995.0
New York,2021-08-01,1225101.0,20231.0
New York,2021-09-01,1337566.0,20969.0
New York,2021-10-01,1425273.0,21681.0
New York,2021-11-01,1541026.0,22380.0
New York,2021-12-01,1861178.0,23892.0
New York,2022-01-01,2517935.0,26014.0
New York,2022-02-01,2624707.0,27315.0
New York,2022-03-01,2669194.0,27688.0
New York,2022-04-01,2762939.0,27902.0
New York,2022-05-01,2911805.0,28339.0
New York,2022-06-01,3000122.0,28708.0
New York,2022-07-01,3077690.0,28971.0
New York,2022-08-01,3163847.0,29328.0
New York,2022-09-01,3229569.0,29605.0
New York,2022-10-01,3292517.0,29995.0
New York,2022-11-01,3355841.0,30482.0
New York,2022-12-01,3428280.0,30944.0
New York,2023-01-01,3488787.0,31439.0
New York,2023-02-01,3529466.0,31785.0
New York,2023-03-01,3556947.0,32107.0
New York,2023-04-01,3568357.0,32286.0
New York,2023-05-01,3572043.0,32341.0
North Carolina,2020-01-01,0.0,0.0
North Carolina,2020-02-01,0.0,0.0
North Carolina,2020-03-01,661.0,4.0
North Carolina,2020-04-01,10705.0,433.0
North Carolina,2020-05-01,25582.0,930.0
North Carolina,2020-06-01,57535.0,1375.0
North Carolina,2020-07-01,120831.0,2069.0
North Carolina,2020-08-01,164014.0,2865.0
North Carolina,2020-09-01,212628.0,3854.0
North Carolina,2020-10-01,268765.0,4659.0
North Carolina,2020-11-01,352968.0,5693.0
North Carolina,2020-12-01,547822.0,7925.0
North Carolina,2021-01-01,744761.0,10718.0
North Carolina,2021-02-01,847814.0,12241.0
North Carolina,2021-03-01,907327.0,12786.0
North Carolina,2021-04-01,957286.0,13101.0
North Carolina,2021-05-01,988460.0,13441.0
North Carolina,2021-06-01,1003395.0,13647.0
North Carolina,2021-07-01,1039124.0,13832.0
North Carolina,2021-08-01,1180874.0,14747.0
North Carolina,2021-09-01,1394982.0,17183.0
North Carolina,2021-10-01,1468881.0,18402.0
North Carolina,2021-11-01,1518363.0,18959.0
North Carolina,2021-12-01,1674220.0,19776.0
North Carolina,2022-01-01,2401014.0,21761.0
North Carolina,2022-02-01,2605450.0,23985.0
North Carolina,2022-03-01,2634008.0,24774.0
North Carolina,2022-04-01,2664524.0,24927.0
North Carolina,2022-05-01,2754991.0,25061.0
North Carolina,2022-06-01,2867219.0,25209.0
North Carolina,2022-07-01,2983131.0,25486.0
North Carolina,2022-08-01,3120822.0,26324.0
North Carolina,2022-09-01,3198867.0,26525.0
North Carolina,2022-10-01,3237440.0,26953.0
North Carolina,2022-11-01,3275343.0,27371.0
North Carolina,2022-12-01,3316814.0,27627.0
North Carolina,2023-01-01,3412542.0,28039.0
North Carolina,2023-02-01,3459595.0,28344.0
North Carolina,2023-03-01,3485651.0,28540.0
North Carolina,2023-04-01,3496830.0,28973.0
North Carolina,2023-05-01,3501404.0,29059.0
North Dakota,2020-01-01,0.0,0.0
North Dakota,2020-02-01,0.0,0.0
North Dakota,2020-03-01,45.0,0.0
North Dakota,2020-04-01,1033.0,22.0
North Dakota,2020-05-01,2438.0,58.0
North Dakota,2020-06-01,3361.0,84.0
North Dakota,2020-07-01,6226.0,105.0
North Dakota,2020-08-01,10462.0,142.0
North Dakota,2020-09-01,21847.0,263.0
North Dakota,2020-10-01,39910.0,522.0
North Dakota,2020-11-01,75480.0,966.0
North Dakota,2020-12-01,92492.0,1347.0
North Dakota,2021-01-01,97147.0,1419.0
North Dakota,2021-02-01,99527.0,1448.0
North Dakota,2021-03-01,103093.0,1471.0
North Dakota,2021-04-01,107153.0,1495.0
North Dakota,2021-05-01,109778.0,1513.0
North Dakota,2021-06-01,110703.0,1530.0
North Dakota,2021-07-01,111409.0,1540.0
North Dakota,2021-08-01,115666.0,1557.0
North Dakota,2021-09-01,131400.0,1619.0
North Dakota,2021-10-01,146387.0,1772.0
North Dakota,2021-11-01,159844.0,1882.0
North Dakota,2021-12-01,172607.0,2020.0
North Dakota,2022-01-01,216810.0,2115.0
North Dakota,2022-02-01,237302.0,2207.0
North Dakota,2022-03-01,239667.0,2257.0
North Dakota,2022-04-01,240710.0,2276.0
North Dakota,2022-05-01,243340.0,2285.0
North Dakota,2022-06-01,248961.0,2303.0
North Dakota,2022-07-01,255475.0,2324.0
North Dakota,2022-08-01,263918.0,2360.0
North Dakota,2022-09-01,268307.0,2387.0
North Dakota,2022-10-01,271912.0,2397.0
North Dakota,2022-11-01,276272.0,2410.0
North Dakota,2022-12-01,280043.0,2427.0
North Dakota,2023-01-01,282170.0,2445.0
North Dakota,2023-02-01,285380.0,2463.0
North Dakota,2023-03-01,288603.0,2492.0
North Dakota,2023-04-01,290489.0,2508.0
North Dakota,2023-05-01,291093.0,2513.0
Ohio,2020-01-01,0.0,0.0
Ohio,2020-02-01,0.0,0.0
Ohio,2020-03-01,705.0,26.0
Ohio,2020-04-01,17303.0,1053.0
Ohio,2020-05-01,33442.0,2035.0
Ohio,2020-06-01,46760.0,2525.0
Ohio,2020-07-01,87893.0,3159.0
Ohio,2020-08-01,117586.0,3801.0
Ohio,2020-09-01,153988.0,4471.0
Ohio,2020-10-01,205347.0,5207.0
Ohio,2020-11-01,382743.0,7375.0
Ohio,2020-12-01,690748.0,13469.0
Ohio,2021-01-01,878284.0,17004.0
Ohio,2021-02-01,960007.0,18573.0
Ohio,2021-03-01,1017565.0,19292.0
Ohio,2021-04-01,1068985.0,19806.0
Ohio,2021-05-01,1099580.0,20249.0
Ohio,2021-06-01,1111325.0,20542.0
Ohio,2021-07-01,1125421.0,20683.0
Ohio,2021-08-01,1192478.0,21224.0
Ohio,2021-09-01,1407442.0,23513.0
Ohio,2021-10-01,1531815.0,25804.0
Ohio,2021-11-01,1660131.0,27574.0
Ohio,2021-12-01,1975723.0,31498.0
Ohio,2022-01-01,2540864.0,35433.0
Ohio,2022-02-01,2648378.0,36992.0
Ohio,2022-03-01,2669694.0,37789.0
Ohio,2022-04-01,2688326.0,38357.0
Ohio,2022-05-01,2743577.0,38574.0
Ohio,2022-06-01,2831228.0,38767.0
Ohio,2022-07-01,2918366.0,38970.0
Ohio,2022-08-01,3049546.0,39388.0
Ohio,2022-09-01,3131645.0,39742.0
Ohio,2022-10-01,3173375.0,40075.0
Ohio,2022-11-01,3227759.0,40466.0
Ohio,2022-12-01,3294521.0,40840.0
Ohio,2023-01-01,3339612.0,41249.0
Ohio,2023-02-01,3373859.0,41614.0
Ohio,2023-03-01,3415254.0,41917.0
Ohio,2023-04-01,3435359.0,42122.0
Ohio,2023-05-01,3441458.0,42207.0
Oklahoma,2020-01-01,0.0,0.0
Oklahoma,2020-02-01,0.0,0.0
Oklahoma,2020-03-01,164.0,5.0
Oklahoma,2020-04-01,3474.0,214.0
Oklahoma,2020-05-01,6227.0,322.0
Oklahoma,2020-06-01,11514.0,372.0
Oklahoma,2020-07-01,34627.0,523.0
Oklahoma,2020-08-01,54839.0,763.0
Oklahoma,2020-09-01,87199.0,1031.0
Oklahoma,2020-10-01,119152.0,1286.0
Oklahoma,2020-11-01,184342.0,1680.0
Oklahoma,2020-12-01,287294.0,2452.0
Oklahoma,2021-01-01,379789.0,3387.0
Oklahoma,2021-02-01,422039.0,4262.0
Oklahoma,2021-03-01,439737.0,4951.0
Oklahoma,2021-04-01,447634.0,6780.0
Oklahoma,2021-05-01,452493.0,7288.0
Oklahoma,2021-06-01,457850.0,7386.0
Oklahoma,2021-07-01,477052.0,7483.0
Oklahoma,2021-08-01,534922.0,7810.0
Oklahoma,2021-09-01,611885.0,8947.0
Oklahoma,2021-10-01,642362.0,10708.0
Oklahoma,2021-11-01,662220.0,10877.0
Oklahoma,2021-12-01,700798.0,11543.0
Oklahoma,2022-01-01,931033.0,12041.0
Oklahoma,2022-02-01,1016939.0,12990.0
Oklahoma,2022-03-01,1031368.0,13887.0
Oklahoma,2022-04-01,1038196.0,14210.0
Oklahoma,2022-05-01,1045565.0,14416.0
Oklahoma,2022-06-01,1065714.0,14467.0
Oklahoma,2022-07-01,1104056.0,14554.0
Oklahoma,2022-08-01,1159272.0,14668.0
Oklahoma,2022-09-01,1192151.0,14784.0
Oklahoma,2022-10-01,1205206.0,14938.0
Oklahoma,2022-11-01,1220388.0,15046.0
Oklahoma,2022-12-01,1244006.0,15371.0
Oklahoma,2023-01-01,1265695.0,15466.0
Oklahoma,2023-02-01,1281551.0,15654.0
Oklahoma,2023-03-01,1293792.0,15845.0
Oklahoma,2023-04-01,1304154.0,16083.0
Oklahoma,2023-05-01,1306350.0,16157.0
Oregon,2020-01-01,0.0,0.0
Oregon,2020-02-01,0.0,0.0
Oregon,2020-03-01,266.0,10.0
Oregon,2020-04-01,2446.0,101.0
Oregon,2020-05-01,4036.0,148.0
Oregon,2020-06-01,7444.0,195.0
Oregon,2020-07-01,17718.0,310.0
Oregon,2020-08-01,25566.0,432.0
Oregon,2020-09-01,33508.0,559.0
Oregon,2020-10-01,43228.0,671.0
Oregon,2020-11-01,68503.0,867.0
Oregon,2020-12-01,112260.0,1468.0
Oregon,2021-01-01,140063.0,1924.0
Oregon,2021-02-01,154058.0,2194.0
Oregon,2021-03-01,165012.0,2383.0
Oregon,2021-04-01,182916.0,2490.0
Oregon,2021-05-01,199784.0,2639.0
Oregon,2021-06-01,208641.0,2774.0
Oregon,2021-07-01,217689.0,2848.0
Oregon,2021-08-01,263164.0,3086.0
Oregon,2021-09-01,328184.0,3771.0
Oregon,2021-10-01,362560.0,4334.0
Oregon,2021-11-01,387485.0,5116.0
Oregon,2021-12-01,418333.0,5640.0
Oregon,2022-01-01,605363.0,6048.0
Oregon,2022-02-01,690480.0,6519.0
Oregon,2022-03-01,703839.0,7139.0
Oregon,2022-04-01,718630.0,7498.0
Oregon,2022-05-01,757209.0,7607.0
Oregon,2022-06-01,809826.0,7807.0
Oregon,2022-07-01,848045.0,8061.0
Oregon,2022-08-01,878149.0,8412.0
Oregon,2022-09-01,894776.0,8561.0
Oregon,2022-10-01,908181.0,8680.0
Oregon,2022-11-01,924632.0,8864.0
Oregon,2022-12-01,939303.0,8962.0
Oregon,2023-01-01,948901.0,9164.0
Oregon,2023-02-01,959393.0,9334.0
Oregon,2023-03-01,968789.0,9470.0
Oregon,2023-04-01,973867.0,9538.0
Oregon,2023-05-01,975856.0,9550.0
Pennsylvania,2020-01-01,0.0,0.0
Pennsylvania,2020-02-01,0.0,0.0
Pennsylvania,2020-03-01,1257.0,16.0
Pennsylvania,2020-04-01,46355.0,2757.0
Pennsylvania,2020-05-01,72967.0,5479.0
Pennsylvania,2020-06-01,86992.0,6603.0
Pennsylvania,2020-07-01,114198.0,7228.0
Pennsylvania,2020-08-01,134852.0,7670.0
Pennsylvania,2020-09-01,163900.0,8181.0
Pennsylvania,2020-10-01,205862.0,8755.0
Pennsylvania,2020-11-01,335401.0,10189.0
Pennsylvania,2020-12-01,640139.0,15926.0
Pennsylvania,2021-01-01,826816.0,21243.0
Pennsylvania,2021-02-01,928568.0,23869.0
Pennsylvania,2021-03-01,1035284.0,25161.0
Pennsylvania,2021-04-01,1154938.0,26221.0
Pennsylvania,2021-05-01,1211782.0,27194.0
Pennsylvania,2021-06-01,1226294.0,27711.0
Pennsylvania,2021-07-01,1237209.0,27870.0
Pennsylvania,2021-08-01,1292234.0,28167.0
Pennsylvania,2021-09-01,1439395.0,29359.0
Pennsylvania,2021-10-01,1565193.0,31226.0
Pennsylvania,2021-11-01,1705734.0,33126.0
Pennsylvania,2021-12-01,1995095.0,36565.0
Pennsylvania,2022-01-01,2606904.0,40100.0
Pennsylvania,2022-02-01,2749362.0,43018.0
Pennsylvania,2022-03-01,2780236.0,44208.0
Pennsylvania,2022-04-01,2812823.0,44564.0
Pennsylvania,2022-05-01,2908253.0,45050.0
Pennsylvania,2022-06-01,3001382.0,45610.0
Pennsylvania,2022-07-01,3083286.0,46073.0
Pennsylvania,2022-08-01,3185916.0,46608.0
Pennsylvania,2022-09-01,3254348.0,47139.0
Pennsylvania,2022-10-01,3304938.0,47634.0
Pennsylvania,2022-11-01,3360797.0,48387.0
Pennsylvania,2022-12-01,3416142.0,48892.0
Pennsylvania,2023-01-01,3469076.0,49633.0
Pennsylvania,2023-02-01,3512137.0,50168.0
Pennsylvania,2023-03-01,3543923.0,50713.0
Pennsylvania,2023-04-01,3556028.0,50999.0
Pennsylvania,2023-05-01,3559331.0,51047.0
Rhode Island,2020-01-01,0.0,0.0
Rhode Island,2020-02-01,0.0,0.0
Rhode Island,2020-03-01,176.0,0.0
Rhode Island,2020-04-01,8449.0,265.0
Rhode Island,2020-05-01,13975.0,675.0
Rhode Island,2020-06-01,15990.0,918.0
Rhode Island,2020-07-01,18232.0,1005.0
Rhode Island,2020-08-01,20806.0,1043.0
Rhode Island,2020-09-01,23969.0,1116.0
Rhode Island,2020-10-01,31075.0,1194.0
Rhode Island,2020-11-01,51701.0,1338.0
Rhode Island,2020-12-01,86190.0,1779.0
Rhode Island,2021-01-01,109080.0,2139.0
Rhode Island,2021-02-01,119595.0,2490.0
Rhode Island,2021-03-01,131669.0,2616.0
Rhode Island,2021-04-01,141032.0,2668.0
Rhode Island,2021-05-01,144488.0,2707.0
Rhode Island,2021-06-01,145263.0,2729.0
Rhode Island,2021-07-01,146785.0,2738.0
Rhode Island,2021-08-01,153506.0,2761.0
Rhode Island,2021-09-01,164423.0,2837.0
Rhode Island,2021-10-01,171051.0,2877.0
Rhode Island,2021-11-01,181068.0,2916.0
Rhode Island,2021-12-01,220800.0,3066.0
Rhode Island,2022-01-01,323794.0,3311.0
Rhode Island,2022-02-01,338073.0,3434.0
Rhode Island,2022-03-01,344049.0,3522.0
Rhode Island,2022-04-01,353438.0,3538.0
Rhode Island,2022-05-01,372350.0,3569.0
Rhode Island,2022-06-01,383834.0,3609.0
Rhode Island,2022-07-01,391026.0,3630.0
Rhode Island,2022-08-01,399707.0,3652.0
Rhode Island,2022-09-01,406475.0,3674.0
Rhode Island,2022-10-01,412464.0,3696.0
Rhode Island,2022-11-01,418522.0,3747.0
Rhode Island,2022-12-01,426209.0,3787.0
Rhode Island,2023-01-01,433822.0,3832.0
Rhode Island,2023-02-01,437760.0,3865.0
Rhode Island,2023-03-01,440089.0,3894.0
Rhode Island,2023-04-01,441104.0,3912.0
Rhode Island,2023-05-01,441466.0,3915.0
South Carolina,2020-01-01,0.0,0.0
South Carolina,2020-02-01,0.0,0.0
South Carolina,2020-03-01,426.0,7.0
South Carolina,2020-04-01,5883.0,231.0
South Carolina,2020-05-01,10624.0,466.0
South Carolina,2020-06-01,27898.0,684.0
South Carolina,2020-07-01,85847.0,1615.0
South Carolina,2020-08-01,114094.0,2575.0
South Carolina,2020-09-01,147957.0,3376.0
South Carolina,2020-10-01,173481.0,3874.0
South Carolina,2020-11-01,210905.0,4317.0
South Carolina,2020-12-01,303475.0,5249.0
South Carolina,2021-01-01,427231.0,6669.0
South Carolina,2021-02-01,509044.0,8399.0
South Carolina,2021-03-01,551631.0,9145.0
South Carolina,2021-04-01,576640.0,9469.0
South Carolina,2021-05-01,591834.0,9687.0
South Carolina,2021-06-01,596813.0,9810.0
South Carolina,2021-07-01,613033.0,9894.0
South Carolina,2021-08-01,702894.0,10357.0
South Carolina,2021-09-01,854875.0,12372.0
South Carolina,2021-10-01,894924.0,13604.0
South Carolina,2021-11-01,914966.0,14153.0
South Carolina,2021-12-01,960195.0,14610.0
South Carolina,2022-01-01,1328450.0,15156.0
South Carolina,2022-02-01,1456998.0,16614.0
South Carolina,2022-03-01,1468134.0,17587.0
South Carolina,2022-04-01,1474274.0,17767.0
South Carolina,2022-05-01,1495762.0,17905.0
South Carolina,2022-06-01,1546406.0,18033.0
South Carolina,2022-07-01,1605165.0,18189.0
South Carolina,2022-08-01,1674281.0,18263.0
South Carolina,2022-09-01,1708074.0,18365.0
South Carolina,2022-10-01,1721693.0,18578.0
South Carolina,2022-11-01,1738379.0,18710.0
South Carolina,2022-12-01,1770059.0,18834.0
South Carolina,2023-01-01,1807019.0,19093.0
South Carolina,2023-02-01,1827620.0,19489.0
South Carolina,2023-03-01,1842519.0,19683.0
South Carolina,2023-04-01,1849390.0,19851.0
South Carolina,2023-05-01,1852019.0,19923.0
South Dakota,2020-01-01,0.0,0.0
South Dakota,2020-02-01,0.0,0.0
South Dakota,2020-03-01,41.0,1.0
South Dakota,2020-04-01,2374.0,13.0
South Dakota,2020-05-01,4706.0,54.0
South Dakota,2020-06-01,6419.0,84.0
South Dakota,2020-07-01,8634.0,129.0
South Dakota,2020-08-01,11571.0,162.0
South Dakota,2020-09-01,22389.0,223.0
South Dakota,2020-10-01,42000.0,384.0
South Dakota,2020-11-01,76142.0,849.0
South Dakota,2020-12-01,98721.0,1464.0
South Dakota,2021-01-01,107611.0,1738.0
South Dakota,2021-02-01,111807.0,1862.0
South Dakota,2021-03-01,117756.0,1933.0
South Dakota,2021-04-01,122397.0,1961.0
South Dakota,2021-05-01,124063.0,2003.0
South Dakota,2021-06-01,124546.0,2034.0
South Dakota,2021-07-01,125224.0,2044.0
South Dakota,2021-08-01,129865.0,2060.0
South Dakota,2021-09-01,144548.0,2134.0
South Dakota,2021-10-01,153775.0,2230.0
South Dakota,2021-11-01,164291.0,2320.0
South Dakota,2021-12-01,178394.0,2474.0
South Dakota,2022-01-01,222881.0,2622.0
South Dakota,2022-02-01,235517.0,2783.0
South Dakota,2022-03-01,237104.0,2882.0
South Dakota,2022-04-01,237812.0,2910.0
South Dakota,2022-05-01,239703.0,2925.0
South Dakota,2022-06-01,244523.0,2938.0
South Dakota,2022-07-01,250286.0,2956.0
South Dakota,2022-08-01,257547.0,2993.0
South Dakota,2022-09-01,261371.0,3021.0
South Dakota,2022-10-01,264187.0,3059.0
South Dakota,2022-11-01,268797.0,3099.0
South Dakota,2022-12-01,271856.0,3118.0
South Dakota,2023-01-01,273929.0,3149.0
South Dakota,2023-02-01,277649.0,3174.0
South Dakota,2023-03-01,281008.0,3209.0
South Dakota,2023-04-01,282401.0,3223.0
South Dakota,2023-05-01,282895.0,3231.0
Tennessee,2020-01-01,0.0,0.0
Tennessee,2020-02-01,0.0,0.0
Tennessee,2020-03-01,869.0,0.0
Tennessee,2020-04-01,10805.0,195.0
Tennessee,2020-05-01,21385.0,353.0
Tennessee,2020-06-01,37323.0,556.0
Tennessee,2020-07-01,99246.0,1019.0
Tennessee,2020-08-01,145666.0,1646.0
Tennessee,2020-09-01,194464.0,2452.0
Tennessee,2020-10-01,252508.0,3241.0
Tennessee,2020-11-01,344413.0,4464.0
Tennessee,2020-12-01,576336.0,6809.0
Tennessee,2021-01-01,710033.0,9314.0
Tennessee,2021-02-01,763552.0,11255.0
Tennessee,2021-03-01,806259.0,11834.0
Tennessee,2021-04-01,839652.0,12109.0
Tennessee,2021-05-01,857702.0,12341.0
Tennessee,2021-06-01,865581.0,12497.0
Tennessee,2021-07-01,890275.0,12664.0
Tennessee,2021-08-01,1012469.0,13242.0
Tennessee,2021-09-01,1226254.0,15086.0
Tennessee,2021-10-01,1276869.0,16264.0
Tennessee,2021-11-01,1309465.0,16921.0
Tennessee,2021-12-01,1410117.0,20729.0
Tennessee,2022-01-01,1823109.0,22255.0
Tennessee,2022-02-01,1998909.0,24308.0
Tennessee,2022-03-01,2017921.0,25589.0
Tennessee,2022-04-01,2027597.0,26137.0
Tennessee,2022-05-01,2055250.0,26423.0
Tennessee,2022-06-01,2122855.0,26705.0
Tennessee,2022-07-01,2197790.0,26999.0
Tennessee,2022-08-01,2301913.0,27483.0
Tennessee,2022-09-01,2338525.0,27811.0
Tennessee,2022-10-01,2361380.0,28096.0
Tennessee,2022-11-01,2395221.0,28327.0
Tennessee,2022-12-01,2434494.0,28572.0
Tennessee,2023-01-01,2473404.0,28946.0
Tennessee,2023-02-01,2507558.0,29198.0
Tennessee,2023-03-01,2528273.0,29407.0
Tennessee,2023-04-01,2538352.0,29522.0
Tennessee,2023-05-01,2542163.0,29549.0
Texas,2020-01-01,0.0,0.0
Texas,2020-02-01,0.0,0.0
Texas,2020-03-01,1102.0,20.0
Texas,2020-04-01,22125.0,852.0
Texas,2020-05-01,49301.0,1685.0
Texas,2020-06-01,126386.0,2480.0
Texas,2020-07-01,401800.0,7242.0
Texas,2020-08-01,631146.0,12330.0
Texas,2020-09-01,784951.0,16087.0
Texas,2020-10-01,912986.0,18258.0
Texas,2020-11-01,1172443.0,21607.0
Texas,2020-12-01,1731566.0,28045.0
Texas,2021-01-01,2284752.0,36489.0
Texas,2021-02-01,2553274.0,43324.0
Texas,2021-03-01,2707879.0,48349.0
Texas,2021-04-01,2800518.0,50136.0
Texas,2021-05-01,2868373.0,51306.0
Texas,2021-06-01,2926561.0,52266.0
Texas,2021-07-01,3136158.0,53030.0
Texas,2021-08-01,3533208.0,55921.0
Texas,2021-09-01,4034695.0,65200.0
Texas,2021-10-01,4188586.0,70901.0
Texas,2021-11-01,4281782.0,73608.0
Texas,2021-12-01,4540365.0,75594.0
Texas,2022-01-01,6123402.0,78826.0
Texas,2022-02-01,6602100.0,84284.0
Texas,2022-03-01,6737585.0,87176.0
Texas,2022-04-01,6805898.0,87813.0
Texas,2022-05-01,6900690.0,88083.0
Texas,2022-06-01,7156593.0,88414.0
Texas,2022-07-01,7481041.0,88933.0
Texas,2022-08-01,7804225.0,89943.0
Texas,2022-09-01,7939351.0,90498.0
Texas,2022-10-01,7990898.0,90885.0
Texas,2022-11-01,8063062.0,91171.0
Texas,2022-12-01,8187083.0,91566.0
Texas,2023-01-01,8309381.0,92300.0
Texas,2023-02-01,8383888.0,92913.0
Texas,2023-03-01,8456887.0,93398.0
Texas,2023-04-01,8496000.0,93680.0
Texas,2023-05-01,8508204.0,93780.0
Utah,2020-01-01,0.0,0.0
Utah,2020-02-01,0.0,0.0
Utah,2020-03-01,324.0,1.0
Utah,2020-04-01,4478.0,45.0
Utah,2020-05-01,8690.0,102.0
Utah,2020-06-01,18828.0,158.0
Utah,2020-07-01,39274.0,283.0
Utah,2020-08-01,50245.0,401.0
Utah,2020-09-01,73450.0,457.0
Utah,2020-10-01,109540.0,581.0
Utah,2020-11-01,185202.0,837.0
Utah,2020-12-01,273908.0,1259.0
Utah,2021-01-01,340630.0,1621.0
Utah,2021-02-01,368567.0,1880.0
Utah,2021-03-01,385620.0,2125.0
Utah,2021-04-01,396512.0,2193.0
Utah,2021-05-01,405071.0,2293.0
Utah,2021-06-01,415131.0,2370.0
Utah,2021-07-01,430139.0,2436.0
Utah,2021-08-01,457094.0,2602.0
Utah,2021-09-01,506795.0,2918.0
Utah,2021-10-01,546189.0,3177.0
Utah,2021-11-01,589731.0,3469.0
Utah,2021-12-01,633422.0,3792.0
Utah,2022-01-01,861876.0,4100.0
Utah,2022-02-01,920953.0,4397.0
Utah,2022-03-01,928179.0,4713.0
Utah,2022-04-01,932457.0,4743.0
Utah,2022-05-01,947981.0,4768.0
Utah,2022-06-01,981533.0,4817.0
Utah,2022-07-01,1009176.0,4884.0
Utah,2022-08-01,1029196.0,4968.0
Utah,2022-09-01,1038143.0,5011.0
Utah,2022-10-01,1045112.0,5040.0
Utah,2022-11-01,1061710.0,5110.0
Utah,2022-12-01,1074359.0,5176.0
Utah,2023-01-01,1081175.0,5234.0
Utah,2023-02-01,1086845.0,5273.0
Utah,2023-03-01,1093462.0,5316.0
Utah,2023-04-01,1096418.0,5343.0
Utah,2023-05-01,1097475.0,5362.0
Vermont,2020-01-01,0.0,0.0
Vermont,2020-02-01,0.0,0.0
Vermont,2020-03-01,52.0,3.0
Vermont,2020-04-01,852.0,52.0
Vermont,2020-05-01,957.0,59.0
Vermont,2020-06-01,1159.0,61.0
Vermont,2020-07-01,1402.0,62.0
Vermont,2020-08-01,1557.0,63.0
Vermont,2020-09-01,1747.0,63.0
Vermont,2020-10-01,2089.0,63.0
Vermont,2020-11-01,3729.0,70.0
Vermont,2020-12-01,7074.0,144.0
Vermont,2021-01-01,11122.0,181.0
Vermont,2021-02-01,14505.0,207.0
Vermont,2021-03-01,18872.0,233.0
Vermont,2021-04-01,22596.0,253.0
Vermont,2021-05-01,24111.0,263.0
Vermont,2021-06-01,24401.0,264.0
Vermont,2021-07-01,24734.0,268.0
Vermont,2021-08-01,27059.0,280.0
Vermont,2021-09-01,33023.0,326.0
Vermont,2021-10-01,38820.0,367.0
Vermont,2021-11-01,47397.0,415.0
Vermont,2021-12-01,61509.0,478.0
Vermont,2022-01-01,99013.0,542.0
Vermont,2022-02-01,110987.0,614.0
Vermont,2022-03-01,115950.0,648.0
Vermont,2022-04-01,122042.0,666.0
Vermont,2022-05-01,130937.0,702.0
Vermont,2022-06-01,135469.0,729.0
Vermont,2022-07-01,137560.0,744.0
Vermont,2022-08-01,140094.0,770.0
Vermont,2022-09-01,142166.0,786.0
Vermont,2022-10-01,144685.0,809.0
Vermont,2022-11-01,146607.0,852.0
Vermont,2022-12-01,148283.0,872.0
Vermont,2023-01-01,149990.0,896.0
Vermont,2023-02-01,151956.0,927.0
Vermont,2023-03-01,153421.0,942.0
Vermont,2023-04-01,154039.0,962.0
Vermont,2023-05-01,154243.0,967.0
Virginia,2020-01-01,0.0,0.0
Virginia,2020-02-01,0.0,0.0
Virginia,2020-03-01,395.0,9.0
Virginia,2020-04-01,14961.0,519.0
Virginia,2020-05-01,40246.0,1275.0
Virginia,2020-06-01,59504.0,1652.0
Virginia,2020-07-01,87990.0,2121.0
Virginia,2020-08-01,115459.0,2513.0
Virginia,2020-09-01,148270.0,3205.0
Virginia,2020-10-01,176757.0,3611.0
Virginia,2020-11-01,226287.0,4001.0
Virginia,2020-12-01,344344.0,4982.0
Virginia,2021-01-01,488537.0,6227.0
Virginia,2021-02-01,568746.0,7808.0
Virginia,2021-03-01,618792.0,10240.0
Virginia,2021-04-01,656879.0,10715.0
Virginia,2021-05-01,673310.0,11093.0
Virginia,2021-06-01,679910.0,11369.0
Virginia,2021-07-01,692115.0,11512.0
Virginia,2021-08-01,747641.0,11709.0
Virginia,2021-09-01,863668.0,12693.0
Virginia,2021-10-01,921354.0,13796.0
Virginia,2021-11-01,960708.0,14594.0
Virginia,2021-12-01,1087405.0,15528.0
Virginia,2022-01-01,1502671.0,16040.0
Virginia,2022-02-01,1629235.0,18320.0
Virginia,2022-03-01,1664702.0,19632.0
Virginia,2022-04-01,1696869.0,20162.0
Virginia,2022-05-01,1769771.0,20320.0
Virginia,2022-06-01,1864527.0,20547.0
Virginia,2022-07-01,1945465.0,20860.0
Virginia,2022-08-01,2038886.0,21395.0
Virginia,2022-09-01,2083101.0,21795.0
Virginia,2022-10-01,2113282.0,22126.0
Virginia,2022-11-01,2149490.0,22407.0
Virginia,2022-12-01,2199302.0,22656.0
Virginia,2023-01-01,2250161.0,23079.0
Virginia,2023-02-01,2281020.0,23614.0
Virginia,2023-03-01,2299365.0,23674.0
Virginia,2023-04-01,2307444.0,23730.0
Virginia,2023-05-01,2310846.0,23743.0
Washington,2020-01-01,1.0,0.0
Washington,2020-02-01,1.0,0.0
Washington,2020-03-01,2866.0,133.0
Washington,2020-04-01,14349.0,828.0
Washington,2020-05-01,20751.0,1105.0
Washington,2020-06-01,30265.0,1266.0
Washington,2020-07-01,55605.0,1575.0
Washington,2020-08-01,73024.0,1877.0
Washington,2020-09-01,89249.0,2100.0
Washington,2020-10-01,107588.0,2316.0
Washington,2020-11-01,159543.0,2662.0
Washington,2020-12-01,244804.0,3419.0
Washington,2021-01-01,305703.0,4211.0
Washington,2021-02-01,336577.0,4908.0
Washington,2021-03-01,364470.0,5247.0
Washington,2021-04-01,399857.0,5452.0
Washington,2021-05-01,432356.0,5660.0
Washington,2021-06-01,451263.0,5931.0
Washington,2021-07-01,471824.0,6099.0
Washington,2021-08-01,545806.0,6448.0
Washington,2021-09-01,658069.0,7654.0
Washington,2021-10-01,722345.0,8549.0
Washington,2021-11-01,768945.0,9207.0
Washington,2021-12-01,848761.0,9839.0
Washington,2022-01-01,1245605.0,10579.0
Washington,2022-02-01,1411930.0,11725.0
Washington,2022-03-01,1455033.0,12476.0
Washington,2022-04-01,1494755.0,12679.0
Washington,2022-05-01,1568645.0,12888.0
Washington,2022-06-01,1661967.0,13232.0
Washington,2022-07-01,1731677.0,13603.0
Washington,2022-08-01,1785079.0,14026.0
Washington,2022-09-01,1814200.0,14306.0
Washington,2022-10-01,1835151.0,14544.0
Washington,2022-11-01,1860396.0,14705.0
Washington,2022-12-01,1884126.0,15032.0
Washington,2023-01-01,1904430.0,15379.0
Washington,2023-02-01,1925012.0,15621.0
Washington,2023-03-01,1944026.0,15914.0
Washington,2023-04-01,1954381.0,16070.0
Washington,2023-05-01,1957759.0,16186.0
West Virginia,2020-01-01,0.0,0.0
West Virginia,2020-02-01,0.0,0.0
West Virginia,2020-03-01,39.0,0.0
West Virginia,2020-04-01,1110.0,38.0
West Virginia,2020-05-01,1888.0,73.0
West Virginia,2020-06-01,2631.0,92.0
West Virginia,2020-07-01,6278.0,111.0
West Virginia,2020-08-01,9538.0,190.0
West Virginia,2020-09-01,15850.0,351.0
West Virginia,2020-10-01,23067.0,436.0
West Virginia,2020-11-01,43052.0,694.0
West Virginia,2020-12-01,84225.0,1318.0
West Virginia,2021-01-01,117771.0,1950.0
West Virginia,2021-02-01,130393.0,2274.0
West Virginia,2021-03-01,141738.0,2606.0
West Virginia,2021-04-01,152300.0,2671.0
West Virginia,2021-05-01,160783.0,2788.0
West Virginia,2021-06-01,164043.0,2890.0
West Virginia,2021-07-01,166494.0,2939.0
West Virginia,2021-08-01,181906.0,3036.0
West Virginia,2021-09-01,238498.0,3640.0
West Virginia,2021-10-01,269131.0,4346.0
West Virginia,2021-11-01,290909.0,4816.0
West Virginia,2021-12-01,325514.0,5305.0
West Virginia,2022-01-01,429016.0,5674.0
West Virginia,2022-02-01,486242.0,6250.0
West Virginia,2022-03-01,497670.0,6719.0
West Virginia,2022-04-01,500696.0,6851.0
West Virginia,2022-05-01,512572.0,6933.0
West Virginia,2022-06-01,531844.0,7059.0
West Virginia,2022-07-01,553019.0,7129.0
West Virginia,2022-08-01,582666.0,7286.0
West Virginia,2022-09-01,599770.0,7406.0
West Virginia,2022-10-01,606794.0,7502.0
West Virginia,2022-11-01,614646.0,7611.0
West Virginia,2022-12-01,623541.0,7661.0
West Virginia,2023-01-01,632956.0,7808.0
West Virginia,2023-02-01,640150.0,7934.0
West Virginia,2023-03-01,646864.0,8043.0
West Virginia,2023-04-01,650099.0,8109.0
West Virginia,2023-05-01,650556.0,8125.0
Wisconsin,2020-01-01,0.0,0.0
Wisconsin,2020-02-01,0.0,0.0
Wisconsin,2020-03-01,621.0,10.0
Wisconsin,2020-04-01,6520.0,352.0
Wisconsin,2020-05-01,16464.0,605.0
Wisconsin,2020-06-01,25763.0,793.0
Wisconsin,2020-07-01,51051.0,960.0
Wisconsin,2020-08-01,72262.0,1159.0
Wisconsin,2020-09-01,122275.0,1402.0
Wisconsin,2020-10-01,221560.0,2212.0
Wisconsin,2020-11-01,392442.0,3344.0
Wisconsin,2020-12-01,516226.0,5191.0
Wisconsin,2021-01-01,585603.0,6300.0
Wisconsin,2021-02-01,614260.0,6930.0
Wisconsin,2021-03-01,636041.0,7309.0
Wisconsin,2021-04-01,658699.0,7533.0
Wisconsin,2021-05-01,673306.0,7765.0
Wisconsin,2021-06-01,677612.0,8128.0
Wisconsin,2021-07-01,685018.0,8279.0
Wisconsin,2021-08-01,722453.0,8412.0
Wisconsin,2021-09-01,807455.0,8868.0
Wisconsin,2021-10-01,877220.0,9370.0
Wisconsin,2021-11-01,963229.0,9921.0
Wisconsin,2021-12-01,1103754.0,11118.0
Wisconsin,2022-01-01,1486054.0,12154.0
Wisconsin,2022-02-01,1568800.0,13155.0
Wisconsin,2022-03-01,1584730.0,14293.0
Wisconsin,2022-04-01,1607202.0,14408.0
Wisconsin,2022-05-01,1664367.0,14568.0
Wisconsin,2022-06-01,1724777.0,14788.0
Wisconsin,2022-07-01,1773092.0,14910.0
Wisconsin,2022-08-01,1832392.0,15071.0
Wisconsin,2022-09-01,1864411.0,15253.0
Wisconsin,2022-10-01,1893055.0,15416.0
Wisconsin,2022-11-01,1926437.0,15608.0
Wisconsin,2022-12-01,1958290.0,15790.0
Wisconsin,2023-01-01,1979913.0,16070.0
Wisconsin,2023-02-01,1997340.0,16276.0
Wisconsin,2023-03-01,2017604.0,16444.0
Wisconsin,2023-04-01,2027647.0,16557.0
Wisconsin,2023-05-01,2030717.0,16600.0
Wyoming,2020-01-01,0.0,0.0
Wyoming,2020-02-01,0.0,0.0
Wyoming,2020-03-01,54.0,0.0
Wyoming,2020-04-01,540.0,7.0
Wyoming,2020-05-01,848.0,14.0
Wyoming,2020-06-01,1264.0,20.0
Wyoming,2020-07-01,2610.0,26.0
Wyoming,2020-08-01,3652.0,37.0
Wyoming,2020-09-01,5990.0,50.0
Wyoming,2020-10-01,12270.0,77.0
Wyoming,2020-11-01,30903.0,215.0
Wyoming,2020-12-01,43889.0,405.0
Wyoming,2021-01-01,50881.0,596.0
Wyoming,2021-02-01,53895.0,670.0
Wyoming,2021-03-01,56110.0,700.0
Wyoming,2021-04-01,57848.0,707.0
Wyoming,2021-05-01,59746.0,719.0
Wyoming,2021-06-01,62070.0,747.0
Wyoming,2021-07-01,64557.0,776.0
Wyoming,2021-08-01,72567.0,835.0
Wyoming,2021-09-01,90015.0,996.0
Wyoming,2021-10-01,101852.0,1174.0
Wyoming,2021-11-01,110047.0,1347.0
Wyoming,2021-12-01,115215.0,1526.0
Wyoming,2022-01-01,143055.0,1625.0
Wyoming,2022-02-01,155147.0,1718.0
Wyoming,2022-03-01,156601.0,1791.0
Wyoming,2022-04-01,157183.0,1812.0
Wyoming,2022-05-01,158926.0,1820.0
Wyoming,2022-06-01,164458.0,1834.0
Wyoming,2022-07-01,170099.0,1856.0
Wyoming,2022-08-01,174704.0,1881.0
Wyoming,2022-09-01,176622.0,1894.0
Wyoming,2022-10-01,178337.0,1908.0
Wyoming,2022-11-01,181024.0,1938.0
Wyoming,2022-12-01,182762.0,1958.0
Wyoming,2023-01-01,183681.0,1977.0
Wyoming,2023-02-01,184749.0,1998.0
Wyoming,2023-03-01,185995.0,2018.0
Wyoming,2023-04-01,186539.0,2030.0
Wyoming,2023-05-01,186668.0,2031.0
